Match ID,Time Stamp(mins),Champion,Items,Skills,Kills,Deaths,Assists,KDA,Level,Experience,Objectives Assisted,Gold Earned,Current Gold,CS,Jungle CS,Vision Score
5187883842,5,Riven,"[""Doran's Blade"", 'Stealth Ward', 'Refillable Potion', ""Caulfield's Warhammer""]","{<Key.Q: 'Q'>: 3, <Key.E: 'E'>: 1, <Key.W: 'W'>: 1}",1,1,0,1.0,6,2043,0,1875,175,30,0,23
5187883842,10,Riven,"[""Doran's Blade"", 'Stealth Ward', 'Refillable Potion', ""Caulfield's Warhammer"", 'Long Sword', 'Boots', 'Long Sword']","{<Key.Q: 'Q'>: 4, <Key.E: 'E'>: 1, <Key.W: 'W'>: 1, <Key.R: 'R'>: 1}",1,3,1,0.6666666666666666,8,3906,0,3244,544,59,0,23
5187883842,15,Riven,"[""Doran's Blade"", 'Stealth Ward', 'Refillable Potion', 'Boots', 'Ravenous Hydra', 'Long Sword', 'Ruby Crystal']","{<Key.Q: 'Q'>: 5, <Key.E: 'E'>: 3, <Key.W: 'W'>: 1, <Key.R: 'R'>: 1}",2,5,2,0.8,11,6673,0,5330,330,95,0,23
5187883842,20,Riven,"[""Doran's Blade"", 'Stealth Ward', 'Refillable Potion', 'Ravenous Hydra', ""Executioner's Calling"", 'Plated Steelcaps', 'Tunneler']","{<Key.Q: 'Q'>: 5, <Key.E: 'E'>: 4, <Key.W: 'W'>: 1, <Key.R: 'R'>: 2}",3,6,2,0.8333333333333334,13,9230,0,7278,173,134,0,23
5187883842,25,Riven,"[""Doran's Blade"", 'Stealth Ward', 'Refillable Potion', 'Ravenous Hydra', ""Executioner's Calling"", 'Plated Steelcaps', 'Spear of Shojin']","{<Key.Q: 'Q'>: 5, <Key.E: 'E'>: 5, <Key.W: 'W'>: 2, <Key.R: 'R'>: 2}",3,7,2,0.7142857142857143,15,11918,0,9224,159,182,0,23
5187883842,30,Riven,"[""Doran's Blade"", 'Stealth Ward', 'Ravenous Hydra', ""Executioner's Calling"", 'Plated Steelcaps', 'Spear of Shojin']","{<Key.Q: 'Q'>: 5, <Key.E: 'E'>: 5, <Key.W: 'W'>: 3, <Key.R: 'R'>: 2}",3,7,2,0.7142857142857143,16,14638,0,10866,1856,220,0,23
5186336841,5,Rumble,"[""Doran's Ring"", 'Stealth Ward', 'Amplifying Tome', 'Boots', 'Dark Seal']","{<Key.E: 'E'>: 1, <Key.Q: 'Q'>: 2, <Key.W: 'W'>: 1}",1,0,3,4.0,5,1371,0,1669,119,11,0,46
5186336841,10,Rumble,"[""Doran's Ring"", 'Stealth Ward', 'Dark Seal', ""Sorcerer's Shoes"", 'Haunting Guise']","{<Key.E: 'E'>: 2, <Key.Q: 'Q'>: 4, <Key.W: 'W'>: 1, <Key.R: 'R'>: 1}",3,1,5,8.0,9,4195,0,3947,697,51,0,46
5186336841,15,Rumble,"[""Doran's Ring"", 'Stealth Ward', 'Dark Seal', ""Sorcerer's Shoes"", ""Liandry's Torment"", 'Ruby Crystal']","{<Key.E: 'E'>: 3, <Key.Q: 'Q'>: 5, <Key.W: 'W'>: 1, <Key.R: 'R'>: 1}",4,1,7,11.0,11,7290,0,6275,850,101,0,46
5186336841,20,Rumble,"['Stealth Ward', 'Dark Seal', ""Sorcerer's Shoes"", ""Liandry's Torment"", 'Riftmaker', 'Fiendish Codex']","{<Key.E: 'E'>: 5, <Key.Q: 'Q'>: 5, <Key.W: 'W'>: 1, <Key.R: 'R'>: 2}",6,2,8,7.0,14,9971,1,8891,71,131,0,46
5186336841,25,Rumble,"['Stealth Ward', 'Dark Seal', ""Sorcerer's Shoes"", ""Liandry's Torment"", 'Riftmaker', 'Blighting Jewel', 'Blasting Wand']","{<Key.E: 'E'>: 5, <Key.Q: 'Q'>: 5, <Key.W: 'W'>: 2, <Key.R: 'R'>: 2}",6,3,10,5.333333333333333,15,11565,2,10508,328,157,0,46
5186336841,30,Rumble,"['Stealth Ward', 'Dark Seal', ""Sorcerer's Shoes"", ""Liandry's Torment"", 'Riftmaker', 'Void Staff', 'Amplifying Tome']","{<Key.E: 'E'>: 5, <Key.Q: 'Q'>: 5, <Key.W: 'W'>: 3, <Key.R: 'R'>: 2}",9,4,12,5.25,16,14410,4,12830,1201,160,12,46
5186336841,35,Rumble,"['Stealth Ward', ""Sorcerer's Shoes"", ""Liandry's Torment"", 'Riftmaker', 'Void Staff', 'Morellonomicon']","{<Key.E: 'E'>: 5, <Key.Q: 'Q'>: 5, <Key.W: 'W'>: 4, <Key.R: 'R'>: 3}",9,4,13,5.5,18,17029,5,14208,169,175,12,46
5186336841,40,Rumble,"['Stealth Ward', ""Sorcerer's Shoes"", ""Liandry's Torment"", 'Riftmaker', 'Void Staff', 'Morellonomicon', 'Blasting Wand']","{<Key.E: 'E'>: 5, <Key.Q: 'Q'>: 5, <Key.W: 'W'>: 4, <Key.R: 'R'>: 3}",9,4,13,5.5,18,18165,5,15195,306,175,16,46
5185453360,5,Aurelion Sol,"['Scorchclaw Pup', 'Fated Ashes', 'Oracle Lens']","{<Key.Q: 'Q'>: 2, <Key.E: 'E'>: 1, <Key.W: 'W'>: 1}",0,0,0,0.0,5,1419,0,1562,162,0,28,7
5185453360,10,Aurelion Sol,"['Scorchclaw Pup', 'Fated Ashes', 'Oracle Lens']","{<Key.Q: 'Q'>: 4, <Key.E: 'E'>: 1, <Key.W: 'W'>: 1, <Key.R: 'R'>: 1}",1,0,0,1.0,8,3621,3,3364,1964,2,61,7
5185453360,15,Aurelion Sol,"['Scorchclaw Pup', 'Oracle Lens', 'Blackfire Torch']","{<Key.Q: 'Q'>: 5, <Key.E: 'E'>: 1, <Key.W: 'W'>: 2, <Key.R: 'R'>: 1}",1,0,0,1.0,10,5779,3,5113,1813,12,90,7
5185429736,5,Smolder,"[""Doran's Blade"", 'Stealth Ward', 'Long Sword']","{<Key.Q: 'Q'>: 2, <Key.W: 'W'>: 1, <Key.E: 'E'>: 1}",0,0,0,0.0,5,1739,0,1363,513,20,0,12
5185429736,10,Smolder,"[""Doran's Blade"", 'Stealth Ward', 'Vampiric Scepter', 'Ruby Crystal', 'Boots']","{<Key.Q: 'Q'>: 4, <Key.W: 'W'>: 2, <Key.E: 'E'>: 1, <Key.R: 'R'>: 1}",0,2,1,0.5,9,4324,0,2853,753,57,0,12
5185429736,15,Smolder,"['Stealth Ward', 'Vampiric Scepter', 'Boots', 'Trinity Force']","{<Key.Q: 'Q'>: 5, <Key.W: 'W'>: 3, <Key.E: 'E'>: 1, <Key.R: 'R'>: 1}",1,3,1,0.6666666666666666,11,7073,0,4869,6,101,0,12
5185429736,20,Smolder,"['Stealth Ward', 'Vampiric Scepter', 'Trinity Force', 'Boots of Swiftness']","{<Key.Q: 'Q'>: 5, <Key.W: 'W'>: 4, <Key.E: 'E'>: 1, <Key.R: 'R'>: 2}",1,3,1,0.6666666666666666,13,9604,0,6467,904,144,1,12
5185429736,25,Smolder,"['Stealth Ward', 'Vampiric Scepter', 'Trinity Force', 'Boots of Swiftness', 'Pickaxe', 'B. F. Sword']","{<Key.Q: 'Q'>: 5, <Key.W: 'W'>: 5, <Key.E: 'E'>: 2, <Key.R: 'R'>: 2}",1,5,1,0.4,15,12031,0,8137,399,183,5,12
5185404618,5,Yone,"[""Doran's Blade"", 'Stealth Ward', 'Dagger', 'Dagger']","{<Key.Q: 'Q'>: 2, <Key.W: 'W'>: 1, <Key.E: 'E'>: 1}",1,1,0,1.0,5,1537,0,1526,526,16,0,8
5185404618,10,Yone,"[""Doran's Blade"", 'Stealth Ward', 'Rectrix', 'Recurve Bow', 'Long Sword']","{<Key.Q: 'Q'>: 4, <Key.W: 'W'>: 1, <Key.E: 'E'>: 1, <Key.R: 'R'>: 1}",1,1,0,1.0,8,3917,0,2932,352,58,0,8
5185388739,5,Warwick,"[""Doran's Blade"", 'Health Potion', 'Winged Moonplate']","{<Key.Q: 'Q'>: 1, <Key.W: 'W'>: 2, <Key.E: 'E'>: 1}",0,2,2,1.0,5,1422,0,1549,249,17,0,11
5185388739,10,Warwick,"[""Doran's Blade"", 'Winged Moonplate', 'Pickaxe', 'Ruby Crystal', 'Boots']","{<Key.Q: 'Q'>: 2, <Key.W: 'W'>: 4, <Key.E: 'E'>: 1, <Key.R: 'R'>: 1}",2,4,2,1.0,9,4335,0,3651,776,53,0,11
5185388739,15,Warwick,"['Boots', 'Hullbreaker', 'Stridebreaker']","{<Key.Q: 'Q'>: 3, <Key.W: 'W'>: 5, <Key.E: 'E'>: 1, <Key.R: 'R'>: 1}",5,6,2,1.1666666666666667,11,7007,0,6949,29,82,0,11
5185388739,20,Warwick,"['Hullbreaker', 'Stridebreaker', 'Boots of Swiftness', 'Cloth Armor', 'Cloth Armor', 'Glowing Mote']","{<Key.Q: 'Q'>: 3, <Key.W: 'W'>: 5, <Key.E: 'E'>: 2, <Key.R: 'R'>: 2}",6,8,4,1.25,13,8654,1,8654,184,104,0,11
5184792730,5,Olaf,"[""Doran's Blade"", 'Stealth Ward', 'Ruby Crystal']","{<Key.Q: 'Q'>: 2, <Key.E: 'E'>: 1, <Key.W: 'W'>: 1}",0,1,0,0.0,5,1510,0,1301,401,21,0,31
5184792730,10,Olaf,"[""Doran's Blade"", 'Stealth Ward', 'Ruby Crystal', 'Long Sword', 'Vampiric Scepter', 'Long Sword', 'Boots']","{<Key.Q: 'Q'>: 4, <Key.E: 'E'>: 2, <Key.W: 'W'>: 1, <Key.R: 'R'>: 1}",3,3,0,1.0,9,4694,0,3684,884,56,0,31
5184792730,15,Olaf,"[""Doran's Blade"", 'Stealth Ward', 'Ravenous Hydra', 'Boots of Swiftness', 'Tunneler', 'Glowing Mote']","{<Key.Q: 'Q'>: 5, <Key.E: 'E'>: 3, <Key.W: 'W'>: 1, <Key.R: 'R'>: 2}",5,3,1,2.0,12,8067,0,6235,35,93,0,31
5184744191,5,Volibear,"[""Doran's Ring"", 'Stealth Ward']","{<Key.E: 'E'>: 1, <Key.Q: 'Q'>: 2, <Key.W: 'W'>: 1}",0,0,1,1.0,5,1846,0,1537,1037,26,0,23
5184744191,10,Volibear,"[""Doran's Ring"", 'Stealth Ward', 'Ionian Boots of Lucidity', 'Blasting Wand', 'Catalyst of Aeons']","{<Key.E: 'E'>: 1, <Key.Q: 'Q'>: 3, <Key.W: 'W'>: 3, <Key.R: 'R'>: 1}",2,2,1,1.5,9,4854,0,3990,440,74,0,23
5184744191,15,Volibear,"[""Doran's Ring"", 'Stealth Ward', 'Ionian Boots of Lucidity', 'Rod of Ages', 'Cloak of Agility']","{<Key.E: 'E'>: 1, <Key.Q: 'Q'>: 5, <Key.W: 'W'>: 3, <Key.R: 'R'>: 2}",2,2,2,2.0,12,7579,1,6436,1836,126,0,23
5184744191,20,Volibear,"['Stealth Ward', 'Ionian Boots of Lucidity', 'Rod of Ages', 'Navori Flickerblade', 'Unending Despair', 'Ruby Crystal', 'Rejuvenation Bead']","{<Key.E: 'E'>: 2, <Key.Q: 'Q'>: 5, <Key.W: 'W'>: 5, <Key.R: 'R'>: 2}",5,3,2,2.3333333333333335,15,11735,2,10091,96,178,4,23
5184744191,25,Volibear,"['Stealth Ward', 'Ionian Boots of Lucidity', 'Rod of Ages', 'Navori Flickerblade', 'Unending Despair', 'Ruby Crystal', 'Rejuvenation Bead']","{<Key.E: 'E'>: 3, <Key.Q: 'Q'>: 5, <Key.W: 'W'>: 5, <Key.R: 'R'>: 2}",5,5,3,1.6,16,14691,4,11487,1493,201,4,23
5184744191,30,Volibear,"['Stealth Ward', 'Rod of Ages', 'Navori Flickerblade', 'Unending Despair', 'Spirit Visage', ""Mercury's Treads"", 'Amplifying Tome']","{<Key.E: 'E'>: 4, <Key.Q: 'Q'>: 5, <Key.W: 'W'>: 5, <Key.R: 'R'>: 3}",9,6,4,2.1666666666666665,18,18357,4,15309,2240,231,8,23
5184662585,5,Kennen,"['Cull', 'Stealth Ward']","{<Key.Q: 'Q'>: 2, <Key.W: 'W'>: 2, <Key.E: 'E'>: 1}",0,0,1,1.0,6,1916,0,1479,979,17,0,35
5184662585,10,Kennen,"['Cull', 'Stealth Ward', 'Ruby Crystal', 'Amplifying Tome', 'Amplifying Tome']","{<Key.Q: 'Q'>: 3, <Key.W: 'W'>: 3, <Key.E: 'E'>: 1, <Key.R: 'R'>: 1}",1,0,3,4.0,9,4742,1,3480,1780,52,0,35
5184662585,15,Kennen,"['Cull', 'Stealth Ward', ""Liandry's Torment"", 'Needlessly Large Rod']","{<Key.Q: 'Q'>: 4, <Key.W: 'W'>: 4, <Key.E: 'E'>: 1, <Key.R: 'R'>: 2}",1,0,4,5.0,12,8137,1,5538,763,93,0,35
5184662585,20,Kennen,"['Stealth Ward', ""Liandry's Torment"", 'Needlessly Large Rod', ""Sorcerer's Shoes"", 'Hextech Alternator']","{<Key.Q: 'Q'>: 5, <Key.W: 'W'>: 5, <Key.E: 'E'>: 1, <Key.R: 'R'>: 2}",2,2,4,3.0,14,10136,1,7361,791,119,0,35
5184662585,25,Kennen,"[""Liandry's Torment"", ""Sorcerer's Shoes"", 'Shadowflame', 'Oracle Lens']","{<Key.Q: 'Q'>: 5, <Key.W: 'W'>: 5, <Key.E: 'E'>: 1, <Key.R: 'R'>: 2}",2,3,5,2.3333333333333335,14,11376,1,8495,1025,132,4,35
5184662585,30,Kennen,"[""Liandry's Torment"", ""Sorcerer's Shoes"", 'Shadowflame', 'Oracle Lens', 'Void Staff', 'Amplifying Tome']","{<Key.Q: 'Q'>: 5, <Key.W: 'W'>: 5, <Key.E: 'E'>: 3, <Key.R: 'R'>: 2}",2,5,6,1.6,16,14236,1,11125,255,170,4,35
5184662585,35,Kennen,"[""Liandry's Torment"", ""Sorcerer's Shoes"", 'Shadowflame', 'Oracle Lens', 'Void Staff', 'Hextech Rocketbelt']","{<Key.Q: 'Q'>: 5, <Key.W: 'W'>: 5, <Key.E: 'E'>: 4, <Key.R: 'R'>: 3}",3,6,6,1.5,18,17169,1,13241,166,215,4,35
5181934818,5,Renekton,"[""Doran's Shield"", 'Stealth Ward', 'Long Sword', 'Boots']","{<Key.E: 'E'>: 1, <Key.Q: 'Q'>: 2, <Key.W: 'W'>: 1}",0,1,0,0.0,5,1511,0,1284,134,17,0,19
5181934818,10,Renekton,"[""Doran's Shield"", 'Stealth Ward', 'Phage', 'Tiamat', 'Dagger']","{<Key.E: 'E'>: 2, <Key.Q: 'Q'>: 4, <Key.W: 'W'>: 1, <Key.R: 'R'>: 1}",2,2,0,1.0,9,4390,0,3397,47,54,0,19
5181898399,5,Darius,"[""Doran's Shield"", 'Stealth Ward', 'Long Sword', 'Null-Magic Mantle']","{<Key.Q: 'Q'>: 3, <Key.E: 'E'>: 1, <Key.W: 'W'>: 1}",0,0,1,1.0,6,1927,0,1629,379,29,0,29
5181898399,10,Darius,"['Stealth Ward', 'Null-Magic Mantle', 'Phage']","{<Key.Q: 'Q'>: 5, <Key.E: 'E'>: 2, <Key.W: 'W'>: 1, <Key.R: 'R'>: 1}",3,1,1,4.0,10,5093,0,4039,2214,73,0,29
5181873440,5,Darius,"[""Doran's Blade"", 'Stealth Ward', 'Ruby Crystal', 'Long Sword', 'Dagger']","{<Key.W: 'W'>: 1, <Key.Q: 'Q'>: 3, <Key.E: 'E'>: 1}",1,2,0,0.5,6,2021,0,1821,321,31,0,13
5181873440,10,Darius,"[""Doran's Blade"", 'Stealth Ward', 'Dagger', 'Phage', 'Boots', 'Tiamat']","{<Key.W: 'W'>: 1, <Key.Q: 'Q'>: 4, <Key.E: 'E'>: 2, <Key.R: 'R'>: 1}",3,5,0,0.6,9,4300,0,3782,432,60,0,13
5181873440,15,Darius,"['Stealth Ward', 'Boots', 'Ruby Crystal', 'Stridebreaker', 'Ruby Crystal', 'Glowing Mote']","{<Key.W: 'W'>: 1, <Key.Q: 'Q'>: 5, <Key.E: 'E'>: 3, <Key.R: 'R'>: 1}",3,6,2,0.8333333333333334,11,6361,0,5219,249,93,0,13
5181873440,20,Darius,"['Stealth Ward', 'Ruby Crystal', 'Stridebreaker', 'Boots of Swiftness', 'Tunneler', ""Caulfield's Warhammer""]","{<Key.W: 'W'>: 1, <Key.Q: 'Q'>: 5, <Key.E: 'E'>: 4, <Key.R: 'R'>: 2}",4,8,4,1.0,13,9758,1,7649,429,141,0,13
5181873440,25,Darius,"['Stealth Ward', 'Stridebreaker', 'Boots of Swiftness', 'Sundered Sky', 'Negatron Cloak', 'Ruby Crystal', 'Null-Magic Mantle']","{<Key.W: 'W'>: 2, <Key.Q: 'Q'>: 5, <Key.E: 'E'>: 5, <Key.R: 'R'>: 2}",5,10,6,1.1,15,12034,1,9760,390,169,0,13
5181873440,30,Darius,"['Stealth Ward', 'Stridebreaker', 'Boots of Swiftness', 'Sundered Sky', 'Kaenic Rookern']","{<Key.W: 'W'>: 3, <Key.Q: 'Q'>: 5, <Key.E: 'E'>: 5, <Key.R: 'R'>: 2}",5,12,8,1.0833333333333333,16,13408,1,10806,182,180,0,13
5181299367,5,Galio,"[""Doran's Ring"", 'Stealth Ward', 'Dark Seal', 'Amplifying Tome']","{<Key.E: 'E'>: 1, <Key.W: 'W'>: 1, <Key.Q: 'Q'>: 3}",1,1,0,1.0,6,1935,0,1732,482,23,0,16
5181299367,10,Galio,"[""Doran's Ring"", 'Stealth Ward', 'Dark Seal', 'Hextech Alternator', 'Boots', 'Needlessly Large Rod']","{<Key.E: 'E'>: 1, <Key.W: 'W'>: 1, <Key.Q: 'Q'>: 4, <Key.R: 'R'>: 1}",4,2,2,3.0,8,3883,0,4603,1153,44,0,16
5181299367,15,Galio,"[""Doran's Ring"", 'Stealth Ward', 'Dark Seal', 'Boots', 'Needlessly Large Rod', 'Stormsurge', 'Amplifying Tome']","{<Key.E: 'E'>: 1, <Key.W: 'W'>: 2, <Key.Q: 'Q'>: 5, <Key.R: 'R'>: 1}",5,4,2,1.75,10,5686,0,6620,970,79,0,16
5181299367,20,Galio,"['Stealth Ward', 'Dark Seal', 'Boots', 'Needlessly Large Rod', 'Stormsurge', 'Amplifying Tome', 'Needlessly Large Rod']","{<Key.E: 'E'>: 1, <Key.W: 'W'>: 3, <Key.Q: 'Q'>: 5, <Key.R: 'R'>: 2}",6,5,3,1.8,12,7549,0,8529,1834,115,0,16
5181299367,25,Galio,"['Dark Seal', 'Stormsurge', 'Amplifying Tome', ""Rabadon's Deathcap"", 'Oracle Lens', ""Sorcerer's Shoes"", 'Amplifying Tome']","{<Key.E: 'E'>: 1, <Key.W: 'W'>: 4, <Key.Q: 'Q'>: 5, <Key.R: 'R'>: 2}",8,5,4,2.4,13,9797,0,10092,922,126,0,16
5181299367,30,Galio,"['Dark Seal', 'Stormsurge', ""Rabadon's Deathcap"", 'Oracle Lens', ""Sorcerer's Shoes"", 'Shadowflame']","{<Key.E: 'E'>: 2, <Key.W: 'W'>: 5, <Key.Q: 'Q'>: 5, <Key.R: 'R'>: 2}",8,5,5,2.6,15,12036,2,11665,91,143,2,16
5181259709,5,Varus,"['Cull', 'Stealth Ward', 'Dagger', 'Boots']","{<Key.E: 'E'>: 1, <Key.W: 'W'>: 2, <Key.Q: 'Q'>: 1}",0,1,1,1.0,5,1524,0,1499,449,21,0,16
5181259709,10,Varus,"['Cull', 'Stealth Ward', 'Boots', 'Recurve Bow', 'Vampiric Scepter']","{<Key.E: 'E'>: 1, <Key.W: 'W'>: 4, <Key.Q: 'Q'>: 1, <Key.R: 'R'>: 1}",0,3,2,0.6666666666666666,8,3710,0,3005,605,55,0,16
5181232812,5,Rumble,"[""Doran's Ring"", 'Stealth Ward']","{<Key.E: 'E'>: 1, <Key.Q: 'Q'>: 3, <Key.W: 'W'>: 1}",0,0,0,0.0,6,2125,0,1438,938,26,0,14
5181232812,10,Rumble,"[""Doran's Ring"", 'Stealth Ward', 'Boots of Swiftness', 'Haunting Guise', 'Amplifying Tome']","{<Key.E: 'E'>: 2, <Key.Q: 'Q'>: 4, <Key.W: 'W'>: 1, <Key.R: 'R'>: 1}",1,0,1,2.0,9,4774,0,3353,153,63,0,14
5181232812,15,Rumble,"[""Doran's Ring"", 'Stealth Ward', 'Boots of Swiftness', ""Liandry's Torment""]","{<Key.E: 'E'>: 3, <Key.Q: 'Q'>: 5, <Key.W: 'W'>: 1, <Key.R: 'R'>: 2}",1,0,1,2.0,12,7794,0,5157,657,116,0,14
5181232812,20,Rumble,"[""Doran's Ring"", 'Stealth Ward', 'Boots of Swiftness', ""Liandry's Torment"", 'Fiendish Codex', 'Haunting Guise']","{<Key.E: 'E'>: 5, <Key.Q: 'Q'>: 5, <Key.W: 'W'>: 1, <Key.R: 'R'>: 2}",1,1,2,3.0,14,10533,0,7036,386,156,0,14
5181190772,5,Ambessa,"[""Doran's Blade"", 'Stealth Ward', 'Long Sword', 'Long Sword']","{<Key.W: 'W'>: 1, <Key.Q: 'Q'>: 3, <Key.E: 'E'>: 1}",0,0,0,0.0,6,1848,0,1347,147,21,0,22
5181190772,10,Ambessa,"[""Doran's Blade"", 'Stealth Ward', ""Caulfield's Warhammer"", 'Long Sword', 'Boots']","{<Key.W: 'W'>: 1, <Key.Q: 'Q'>: 4, <Key.E: 'E'>: 2, <Key.R: 'R'>: 1}",0,1,0,0.0,9,4969,0,3036,836,72,0,22
5181190772,15,Ambessa,"[""Doran's Blade"", 'Stealth Ward', 'Boots', 'Eclipse', 'Pickaxe', 'Ruby Crystal']","{<Key.W: 'W'>: 1, <Key.Q: 'Q'>: 5, <Key.E: 'E'>: 3, <Key.R: 'R'>: 2}",3,3,0,1.0,12,7800,0,5421,46,95,0,22
5181155586,5,Riven,"[""Doran's Blade"", 'Stealth Ward', 'Long Sword', 'Long Sword', 'Long Sword', 'Boots']","{<Key.Q: 'Q'>: 3, <Key.E: 'E'>: 1, <Key.W: 'W'>: 1}",1,1,1,2.0,6,2136,0,2004,154,26,0,11
5181155586,10,Riven,"[""Doran's Blade"", 'Stealth Ward', 'Boots', 'Eclipse']","{<Key.Q: 'Q'>: 4, <Key.E: 'E'>: 2, <Key.W: 'W'>: 1, <Key.R: 'R'>: 1}",4,2,1,2.5,9,4641,0,3884,184,51,0,11
5181155586,15,Riven,"[""Doran's Blade"", 'Stealth Ward', 'Boots', 'Eclipse', 'Ruby Crystal', 'Tunneler', 'Long Sword']","{<Key.Q: 'Q'>: 5, <Key.E: 'E'>: 3, <Key.W: 'W'>: 1, <Key.R: 'R'>: 2}",5,3,1,2.0,12,7419,0,6122,522,97,0,11
5181155586,20,Riven,"[""Doran's Blade"", 'Stealth Ward', 'Boots', 'Eclipse', 'Sundered Sky', ""Executioner's Calling"", 'Ruby Crystal']","{<Key.Q: 'Q'>: 5, <Key.E: 'E'>: 4, <Key.W: 'W'>: 1, <Key.R: 'R'>: 2}",6,4,3,2.25,13,9663,2,8137,127,124,0,11
5181155586,25,Riven,"[""Doran's Blade"", 'Stealth Ward', 'Eclipse', 'Sundered Sky', ""Executioner's Calling"", 'Plated Steelcaps', 'Steel Sigil']","{<Key.Q: 'Q'>: 5, <Key.E: 'E'>: 5, <Key.W: 'W'>: 3, <Key.R: 'R'>: 2}",7,5,4,2.2,16,13789,3,10962,1233,167,0,11
5180114175,5,Lillia,"['Scorchclaw Pup', 'Stealth Ward', 'Dark Seal', 'Fated Ashes']","{<Key.Q: 'Q'>: 2, <Key.W: 'W'>: 1, <Key.E: 'E'>: 1}",1,0,1,2.0,5,1484,0,2061,311,3,24,21
5180114175,10,Lillia,"['Scorchclaw Pup', 'Stealth Ward', 'Dark Seal', 'Fated Ashes', 'Haunting Guise', 'Amplifying Tome']","{<Key.Q: 'Q'>: 3, <Key.W: 'W'>: 1, <Key.E: 'E'>: 1, <Key.R: 'R'>: 1}",4,1,1,5.0,7,2845,0,4082,632,10,36,21
5180114175,15,Lillia,"['Scorchclaw Pup', 'Dark Seal', ""Liandry's Torment"", 'Oblivion Orb', 'Oracle Lens', 'Ionian Boots of Lucidity']","{<Key.Q: 'Q'>: 5, <Key.W: 'W'>: 1, <Key.E: 'E'>: 2, <Key.R: 'R'>: 1}",5,3,1,2.0,10,5504,0,5911,661,15,69,21
5180114175,20,Lillia,"['Dark Seal', ""Liandry's Torment"", 'Oblivion Orb', 'Oracle Lens', 'Ionian Boots of Lucidity', 'Haunting Guise']","{<Key.Q: 'Q'>: 5, <Key.W: 'W'>: 1, <Key.E: 'E'>: 3, <Key.R: 'R'>: 2}",6,4,6,3.0,12,8436,0,8259,1699,21,95,21
5180114175,25,Lillia,"['Dark Seal', ""Liandry's Torment"", 'Oblivion Orb', 'Oracle Lens', 'Ionian Boots of Lucidity', 'Riftmaker', 'Amplifying Tome']","{<Key.Q: 'Q'>: 5, <Key.W: 'W'>: 1, <Key.E: 'E'>: 5, <Key.R: 'R'>: 2}",6,5,8,2.8,14,11119,0,9803,1044,32,123,21
5180114175,30,Lillia,"[""Liandry's Torment"", 'Oracle Lens', 'Ionian Boots of Lucidity', 'Riftmaker', ""Zhonya's Hourglass"", 'Amplifying Tome']","{<Key.Q: 'Q'>: 5, <Key.W: 'W'>: 3, <Key.E: 'E'>: 5, <Key.R: 'R'>: 2}",7,7,10,2.4285714285714284,16,14328,1,12070,201,32,157,21
5180114175,35,Lillia,"[""Liandry's Torment"", 'Oracle Lens', 'Ionian Boots of Lucidity', 'Riftmaker', ""Zhonya's Hourglass"", 'Amplifying Tome']","{<Key.Q: 'Q'>: 5, <Key.W: 'W'>: 3, <Key.E: 'E'>: 5, <Key.R: 'R'>: 3}",8,8,10,2.25,17,15829,1,13343,1469,38,165,21
5180114175,40,Lillia,"[""Liandry's Torment"", 'Oracle Lens', 'Ionian Boots of Lucidity', 'Riftmaker', ""Zhonya's Hourglass"", 'Cryptbloom']","{<Key.Q: 'Q'>: 5, <Key.W: 'W'>: 4, <Key.E: 'E'>: 5, <Key.R: 'R'>: 3}",9,9,13,2.4444444444444446,18,18212,2,15139,815,60,170,21
5180097144,5,Rumble,"[""Doran's Ring"", 'Stealth Ward', 'Amplifying Tome', 'Amplifying Tome']","{<Key.E: 'E'>: 1, <Key.Q: 'Q'>: 2, <Key.W: 'W'>: 1}",0,1,2,2.0,5,1680,0,1447,147,17,0,5
5180097144,10,Rumble,"[""Doran's Ring"", 'Stealth Ward', 'Amplifying Tome', 'Amplifying Tome', 'Ruby Crystal', 'Boots of Swiftness']","{<Key.E: 'E'>: 2, <Key.Q: 'Q'>: 4, <Key.W: 'W'>: 1, <Key.R: 'R'>: 1}",2,4,2,1.0,9,4285,0,3446,746,48,0,5
5179654887,5,Rengar,"['Scorchclaw Pup', 'Long Sword', 'Long Sword', 'Oracle Lens']","{<Key.Q: 'Q'>: 2, <Key.W: 'W'>: 1, <Key.E: 'E'>: 1}",0,0,0,0.0,5,1354,0,1458,303,1,23,18
5179654887,10,Rengar,"['Scorchclaw Pup', 'Oracle Lens', 'Serrated Dirk', 'Tiamat']","{<Key.Q: 'Q'>: 4, <Key.W: 'W'>: 1, <Key.E: 'E'>: 1, <Key.R: 'R'>: 1}",2,2,4,3.0,8,3455,2,3862,1202,5,49,18
5179654887,15,Rengar,"['Scorchclaw Pup', 'Serrated Dirk', 'Profane Hydra']","{<Key.Q: 'Q'>: 5, <Key.W: 'W'>: 1, <Key.E: 'E'>: 2, <Key.R: 'R'>: 1}",2,3,5,2.3333333333333335,10,5713,4,5644,974,15,74,18
5179654887,20,Rengar,"['Profane Hydra', 'Hubris', 'Plated Steelcaps', 'Long Sword']","{<Key.Q: 'Q'>: 5, <Key.W: 'W'>: 1, <Key.E: 'E'>: 4, <Key.R: 'R'>: 2}",4,4,6,2.5,13,8892,5,8451,226,21,106,18
5179654887,25,Rengar,"['Profane Hydra', 'Hubris', 'Plated Steelcaps', 'Serrated Dirk']","{<Key.Q: 'Q'>: 5, <Key.W: 'W'>: 1, <Key.E: 'E'>: 5, <Key.R: 'R'>: 2}",4,6,11,2.5,14,11128,6,10042,817,24,126,18
5178553004,5,Illaoi,"[""Doran's Shield"", 'Health Potion', 'Stealth Ward', 'Ruby Crystal']","{<Key.Q: 'Q'>: 1, <Key.W: 'W'>: 1, <Key.E: 'E'>: 2}",0,2,0,0.0,5,1756,0,1336,436,23,0,23
5178553004,10,Illaoi,"[""Doran's Shield"", 'Stealth Ward', 'Ruby Crystal', 'Tear of the Goddess', 'Ruby Crystal']","{<Key.Q: 'Q'>: 2, <Key.W: 'W'>: 1, <Key.E: 'E'>: 4, <Key.R: 'R'>: 1}",0,3,0,0.0,9,4306,0,2862,1162,63,0,23
5178553004,15,Illaoi,"['Stealth Ward', 'Tear of the Goddess', 'Black Cleaver']","{<Key.Q: 'Q'>: 3, <Key.W: 'W'>: 1, <Key.E: 'E'>: 5, <Key.R: 'R'>: 1}",0,4,0,0.0,11,6494,0,4205,485,92,0,23
5178553004,20,Illaoi,"['Stealth Ward', 'Tear of the Goddess', 'Black Cleaver', ""Mercury's Treads"", 'Tunneler']","{<Key.Q: 'Q'>: 4, <Key.W: 'W'>: 1, <Key.E: 'E'>: 5, <Key.R: 'R'>: 2}",1,6,0,0.16666666666666666,13,9831,0,6586,416,137,0,23
5178553004,25,Illaoi,"['Stealth Ward', 'Tear of the Goddess', 'Black Cleaver', ""Mercury's Treads"", 'Hullbreaker', 'Ruby Crystal', 'Cloth Armor']","{<Key.Q: 'Q'>: 5, <Key.W: 'W'>: 2, <Key.E: 'E'>: 5, <Key.R: 'R'>: 2}",2,7,1,0.42857142857142855,15,12503,0,8991,271,175,0,23
5178553004,30,Illaoi,"['Stealth Ward', 'Tear of the Goddess', 'Black Cleaver', ""Mercury's Treads"", 'Hullbreaker', 'Iceborn Gauntlet']","{<Key.Q: 'Q'>: 5, <Key.W: 'W'>: 4, <Key.E: 'E'>: 5, <Key.R: 'R'>: 3}",2,8,1,0.375,18,16549,1,12051,1131,228,0,23
5178553004,35,Illaoi,"['Stealth Ward', 'Black Cleaver', ""Mercury's Treads"", 'Hullbreaker', 'Iceborn Gauntlet', ""Spectre's Cowl"", 'Kindlegem']","{<Key.Q: 'Q'>: 5, <Key.W: 'W'>: 4, <Key.E: 'E'>: 5, <Key.R: 'R'>: 3}",2,10,1,0.3,18,17774,1,13067,378,241,0,23
5178530444,5,Riven,"[""Doran's Blade"", 'Stealth Ward', 'Pickaxe']","{<Key.Q: 'Q'>: 3, <Key.E: 'E'>: 1, <Key.W: 'W'>: 1}",1,1,0,1.0,6,2022,0,1688,313,22,0,10
5178530444,10,Riven,"[""Doran's Blade"", 'Stealth Ward', 'Eclipse']","{<Key.Q: 'Q'>: 4, <Key.E: 'E'>: 2, <Key.W: 'W'>: 1, <Key.R: 'R'>: 1}",2,2,2,2.0,9,4830,2,4043,643,65,0,10
5178530444,15,Riven,"[""Doran's Blade"", 'Stealth Ward', 'Eclipse', 'Boots', 'Tunneler', 'Ruby Crystal']","{<Key.Q: 'Q'>: 5, <Key.E: 'E'>: 3, <Key.W: 'W'>: 1, <Key.R: 'R'>: 2}",4,3,2,2.0,12,7503,3,6526,1276,101,0,10
5178530444,20,Riven,"['Stealth Ward', 'Eclipse', 'Boots', 'Sundered Sky', 'Last Whisper']","{<Key.Q: 'Q'>: 5, <Key.E: 'E'>: 5, <Key.W: 'W'>: 1, <Key.R: 'R'>: 2}",6,5,4,2.0,14,10233,5,8809,734,134,0,10
5178331631,5,Rumble,"[""Doran's Ring"", 'Stealth Ward', 'Amplifying Tome', 'Boots']","{<Key.E: 'E'>: 1, <Key.Q: 'Q'>: 3, <Key.W: 'W'>: 1}",0,0,1,1.0,6,1745,0,1427,227,19,0,36
5178331631,10,Rumble,"[""Doran's Ring"", 'Stealth Ward', 'Amplifying Tome', 'Boots', 'Dark Seal', 'Haunting Guise']","{<Key.E: 'E'>: 2, <Key.Q: 'Q'>: 4, <Key.W: 'W'>: 1, <Key.R: 'R'>: 1}",2,1,2,4.0,9,4163,0,3253,403,49,0,36
5178331631,15,Rumble,"[""Doran's Ring"", 'Stealth Ward', 'Boots', 'Dark Seal', ""Liandry's Torment""]","{<Key.E: 'E'>: 2, <Key.Q: 'Q'>: 5, <Key.W: 'W'>: 1, <Key.R: 'R'>: 1}",3,3,2,1.6666666666666667,10,6220,0,4934,709,79,0,36
5178331631,20,Rumble,"[""Doran's Ring"", 'Stealth Ward', 'Dark Seal', ""Liandry's Torment"", ""Sorcerer's Shoes"", 'Amplifying Tome', 'Cloth Armor']","{<Key.E: 'E'>: 3, <Key.Q: 'Q'>: 5, <Key.W: 'W'>: 1, <Key.R: 'R'>: 2}",3,5,4,1.4,12,8161,0,6324,599,105,0,36
5178331631,25,Rumble,"[""Doran's Ring"", 'Stealth Ward', 'Dark Seal', ""Liandry's Torment"", ""Sorcerer's Shoes"", 'Needlessly Large Rod']","{<Key.E: 'E'>: 5, <Key.Q: 'Q'>: 5, <Key.W: 'W'>: 1, <Key.R: 'R'>: 2}",4,6,9,2.1666666666666665,14,10702,1,8326,496,128,0,36
5178331631,30,Rumble,"[""Doran's Ring"", 'Stealth Ward', ""Liandry's Torment"", ""Sorcerer's Shoes"", ""Zhonya's Hourglass"", 'Oblivion Orb']","{<Key.E: 'E'>: 5, <Key.Q: 'Q'>: 5, <Key.W: 'W'>: 2, <Key.R: 'R'>: 2}",4,8,11,1.875,15,12113,1,9404,464,134,0,36
5177915812,5,Rumble,"[""Doran's Ring"", 'Health Potion', 'Health Potion', 'Stealth Ward']","{<Key.E: 'E'>: 1, <Key.Q: 'Q'>: 3, <Key.W: 'W'>: 1}",0,0,0,0.0,6,2125,0,1473,973,29,0,31
5177915812,10,Rumble,"[""Doran's Ring"", 'Stealth Ward', 'Boots', 'Haunting Guise', 'Fated Ashes']","{<Key.E: 'E'>: 2, <Key.Q: 'Q'>: 5, <Key.W: 'W'>: 1, <Key.R: 'R'>: 1}",1,0,0,1.0,10,5173,0,3601,526,82,0,31
5177915812,15,Rumble,"[""Doran's Ring"", 'Stealth Ward', ""Liandry's Torment"", 'Hextech Alternator', 'Amplifying Tome', 'Dark Seal']","{<Key.E: 'E'>: 4, <Key.Q: 'Q'>: 5, <Key.W: 'W'>: 1, <Key.R: 'R'>: 2}",2,0,3,5.0,13,8671,1,6479,754,127,0,31
5177878328,5,Rumble,"[""Doran's Ring"", 'Stealth Ward']","{<Key.Q: 'Q'>: 3, <Key.E: 'E'>: 1, <Key.W: 'W'>: 1}",1,0,0,1.0,6,2253,0,1615,1115,22,0,12
5177878328,10,Rumble,"[""Doran's Ring"", 'Stealth Ward', ""Sorcerer's Shoes"", 'Amplifying Tome', 'Amplifying Tome', 'Ruby Crystal', 'Dark Seal']","{<Key.Q: 'Q'>: 4, <Key.E: 'E'>: 2, <Key.W: 'W'>: 1, <Key.R: 'R'>: 1}",3,1,1,4.0,9,4834,0,3534,384,52,0,12
5177878328,15,Rumble,"[""Doran's Ring"", 'Stealth Ward', ""Sorcerer's Shoes"", 'Dark Seal', 'Haunting Guise', 'Fated Ashes', 'Amplifying Tome']","{<Key.Q: 'Q'>: 5, <Key.E: 'E'>: 3, <Key.W: 'W'>: 1, <Key.R: 'R'>: 1}",4,3,3,2.3333333333333335,11,7282,1,5343,788,84,0,12
5177849595,5,Rumble,"[""Doran's Shield"", 'Stealth Ward', 'Amplifying Tome', 'Ruby Crystal']","{<Key.E: 'E'>: 1, <Key.Q: 'Q'>: 3, <Key.W: 'W'>: 1}",0,0,0,0.0,6,1848,0,1431,131,26,0,14
5177849595,10,Rumble,"[""Doran's Shield"", 'Stealth Ward', 'Haunting Guise', 'Fated Ashes']","{<Key.E: 'E'>: 2, <Key.Q: 'Q'>: 4, <Key.W: 'W'>: 1, <Key.R: 'R'>: 1}",0,2,2,1.0,9,4475,2,3032,332,58,0,14
5177849595,15,Rumble,"[""Doran's Shield"", 'Stealth Ward', 'Boots', ""Liandry's Torment""]","{<Key.E: 'E'>: 3, <Key.Q: 'Q'>: 5, <Key.W: 'W'>: 1, <Key.R: 'R'>: 1}",0,2,6,3.0,11,6716,2,4469,664,85,0,14
5177849595,20,Rumble,"[""Doran's Shield"", 'Stealth Ward', ""Liandry's Torment"", 'Boots of Swiftness', 'Fiendish Codex']","{<Key.E: 'E'>: 4, <Key.Q: 'Q'>: 5, <Key.W: 'W'>: 1, <Key.R: 'R'>: 2}",0,2,9,4.5,13,9158,2,6158,803,114,0,14
5177822778,5,Fiora,"[""Doran's Blade"", 'Stealth Ward', 'Long Sword', 'Long Sword']","{<Key.Q: 'Q'>: 3, <Key.W: 'W'>: 1, <Key.E: 'E'>: 1}",2,2,0,1.0,6,1988,0,2066,866,27,0,13
5177822778,10,Fiora,"['Stealth Ward', 'Boots', 'Ravenous Hydra']","{<Key.Q: 'Q'>: 4, <Key.W: 'W'>: 1, <Key.E: 'E'>: 2, <Key.R: 'R'>: 1}",2,4,1,0.75,9,4346,0,3957,37,65,0,13
5177822778,15,Fiora,"['Stealth Ward', 'Boots', 'Ravenous Hydra', 'Long Sword', 'Cloth Armor', 'Glowing Mote']","{<Key.Q: 'Q'>: 5, <Key.W: 'W'>: 1, <Key.E: 'E'>: 3, <Key.R: 'R'>: 1}",2,6,2,0.6666666666666666,11,6914,0,5633,813,102,0,13
5177822778,20,Fiora,"['Stealth Ward', 'Ravenous Hydra', 'Plated Steelcaps', 'Sheen', 'Phage', 'Long Sword', 'Dagger']","{<Key.Q: 'Q'>: 5, <Key.W: 'W'>: 1, <Key.E: 'E'>: 4, <Key.R: 'R'>: 2}",2,7,2,0.5714285714285714,13,9073,1,7596,171,139,0,13
5177822778,25,Fiora,"['Stealth Ward', 'Ravenous Hydra', 'Plated Steelcaps', 'Trinity Force', ""Caulfield's Warhammer"", 'Steel Sigil']","{<Key.Q: 'Q'>: 5, <Key.W: 'W'>: 2, <Key.E: 'E'>: 5, <Key.R: 'R'>: 2}",7,9,3,1.1111111111111112,15,11967,1,10340,32,160,0,13
5177822778,30,Fiora,"['Stealth Ward', 'Ravenous Hydra', 'Plated Steelcaps', 'Trinity Force', ""Death's Dance""]","{<Key.Q: 'Q'>: 5, <Key.W: 'W'>: 3, <Key.E: 'E'>: 5, <Key.R: 'R'>: 2}",7,11,4,1.0,16,13812,1,11784,326,186,0,13
