Match ID,Time Stamp(mins),Champion,Skills,Kills,Deaths,Assists,KDA,Level,Experience,Objectives Assisted,Gold Earned,Current Gold,CS,Jungle CS,Vision Score
5187883842,5,Riven,"{<Key.Q: 'Q'>: 3, <Key.E: 'E'>: 1, <Key.W: 'W'>: 1}",1,1,0,1.0,6,2043,0,1875,175,30,0,23
5187883842,10,Riven,"{<Key.Q: 'Q'>: 4, <Key.E: 'E'>: 1, <Key.W: 'W'>: 1, <Key.R: 'R'>: 1}",1,3,1,0.6666666666666666,8,3906,0,3244,544,59,0,23
5187883842,15,Riven,"{<Key.Q: 'Q'>: 5, <Key.E: 'E'>: 3, <Key.W: 'W'>: 1, <Key.R: 'R'>: 1}",2,5,2,0.8,11,6673,0,5330,330,95,0,23
5187883842,20,Riven,"{<Key.Q: 'Q'>: 5, <Key.E: 'E'>: 4, <Key.W: 'W'>: 1, <Key.R: 'R'>: 2}",3,6,2,0.8333333333333334,13,9230,0,7278,173,134,0,23
5187883842,25,Riven,"{<Key.Q: 'Q'>: 5, <Key.E: 'E'>: 5, <Key.W: 'W'>: 2, <Key.R: 'R'>: 2}",3,7,2,0.7142857142857143,15,11918,0,9224,159,182,0,23
5187883842,30,Riven,"{<Key.Q: 'Q'>: 5, <Key.E: 'E'>: 5, <Key.W: 'W'>: 3, <Key.R: 'R'>: 2}",3,7,2,0.7142857142857143,16,14638,0,10866,1856,220,0,23
5186336841,5,Rumble,"{<Key.E: 'E'>: 1, <Key.Q: 'Q'>: 2, <Key.W: 'W'>: 1}",1,0,3,4.0,5,1371,0,1669,119,11,0,46
5186336841,10,Rumble,"{<Key.E: 'E'>: 2, <Key.Q: 'Q'>: 4, <Key.W: 'W'>: 1, <Key.R: 'R'>: 1}",3,1,5,8.0,9,4195,0,3947,697,51,0,46
5186336841,15,Rumble,"{<Key.E: 'E'>: 3, <Key.Q: 'Q'>: 5, <Key.W: 'W'>: 1, <Key.R: 'R'>: 1}",4,1,7,11.0,11,7290,1,6275,850,101,0,46
5186336841,20,Rumble,"{<Key.E: 'E'>: 5, <Key.Q: 'Q'>: 5, <Key.W: 'W'>: 1, <Key.R: 'R'>: 2}",6,2,8,7.0,14,9971,1,8891,71,131,0,46
5186336841,25,Rumble,"{<Key.E: 'E'>: 5, <Key.Q: 'Q'>: 5, <Key.W: 'W'>: 2, <Key.R: 'R'>: 2}",6,3,10,5.333333333333333,15,11565,2,10508,328,157,0,46
5186336841,30,Rumble,"{<Key.E: 'E'>: 5, <Key.Q: 'Q'>: 5, <Key.W: 'W'>: 3, <Key.R: 'R'>: 2}",9,4,12,5.25,16,14410,4,12830,1201,160,12,46
5185429736,5,Smolder,"{<Key.Q: 'Q'>: 3, <Key.W: 'W'>: 1, <Key.E: 'E'>: 1}",0,0,0,0.0,6,1739,0,1363,513,20,0,12
5185429736,10,Smolder,"{<Key.Q: 'Q'>: 4, <Key.W: 'W'>: 2, <Key.E: 'E'>: 1, <Key.R: 'R'>: 1}",0,2,1,0.5,9,4324,0,2853,753,57,0,12
5185429736,15,Smolder,"{<Key.Q: 'Q'>: 5, <Key.W: 'W'>: 3, <Key.E: 'E'>: 1, <Key.R: 'R'>: 1}",1,3,1,0.6666666666666666,11,7073,0,4869,6,101,0,12
5185429736,20,Smolder,"{<Key.Q: 'Q'>: 5, <Key.W: 'W'>: 4, <Key.E: 'E'>: 1, <Key.R: 'R'>: 2}",1,3,1,0.6666666666666666,13,9604,0,6467,904,144,1,12
5185429736,25,Smolder,"{<Key.Q: 'Q'>: 5, <Key.W: 'W'>: 5, <Key.E: 'E'>: 2, <Key.R: 'R'>: 2}",1,5,1,0.4,15,12031,0,8137,399,183,5,12
5185388739,5,Warwick,"{<Key.Q: 'Q'>: 1, <Key.W: 'W'>: 2, <Key.E: 'E'>: 1}",0,2,2,1.0,5,1422,0,1549,249,17,0,11
5185388739,10,Warwick,"{<Key.Q: 'Q'>: 2, <Key.W: 'W'>: 4, <Key.E: 'E'>: 1, <Key.R: 'R'>: 1}",2,4,2,1.0,9,4335,0,3651,776,53,0,11
5185388739,15,Warwick,"{<Key.Q: 'Q'>: 3, <Key.W: 'W'>: 5, <Key.E: 'E'>: 1, <Key.R: 'R'>: 1}",5,6,2,1.1666666666666667,11,7007,0,6949,29,82,0,11
5185388739,20,Warwick,"{<Key.Q: 'Q'>: 3, <Key.W: 'W'>: 5, <Key.E: 'E'>: 2, <Key.R: 'R'>: 2}",7,8,4,1.375,13,8654,1,8654,184,104,0,11
5184792730,5,Olaf,"{<Key.Q: 'Q'>: 2, <Key.E: 'E'>: 1, <Key.W: 'W'>: 1}",0,1,0,0.0,5,1510,0,1301,401,21,0,31
5184792730,10,Olaf,"{<Key.Q: 'Q'>: 4, <Key.E: 'E'>: 2, <Key.W: 'W'>: 1, <Key.R: 'R'>: 1}",3,3,0,1.0,9,4694,0,3684,884,56,0,31
5184792730,15,Olaf,"{<Key.Q: 'Q'>: 5, <Key.E: 'E'>: 3, <Key.W: 'W'>: 1, <Key.R: 'R'>: 2}",5,3,1,2.0,12,8067,0,6235,35,93,0,31
5184744191,5,Volibear,"{<Key.E: 'E'>: 1, <Key.Q: 'Q'>: 3, <Key.W: 'W'>: 1}",0,0,1,1.0,6,1846,0,1537,1037,26,0,23
5184744191,10,Volibear,"{<Key.E: 'E'>: 1, <Key.Q: 'Q'>: 3, <Key.W: 'W'>: 3, <Key.R: 'R'>: 1}",2,2,1,1.5,9,4854,0,3990,440,74,0,23
5184744191,15,Volibear,"{<Key.E: 'E'>: 1, <Key.Q: 'Q'>: 5, <Key.W: 'W'>: 3, <Key.R: 'R'>: 2}",2,2,2,2.0,12,7579,1,6436,1836,126,0,23
5184744191,20,Volibear,"{<Key.E: 'E'>: 2, <Key.Q: 'Q'>: 5, <Key.W: 'W'>: 5, <Key.R: 'R'>: 2}",5,3,2,2.3333333333333335,15,11735,2,10091,96,178,4,23
5184744191,25,Volibear,"{<Key.E: 'E'>: 3, <Key.Q: 'Q'>: 5, <Key.W: 'W'>: 5, <Key.R: 'R'>: 2}",5,5,3,1.6,16,14691,4,11487,1493,201,4,23
5184744191,30,Volibear,"{<Key.E: 'E'>: 4, <Key.Q: 'Q'>: 5, <Key.W: 'W'>: 5, <Key.R: 'R'>: 3}",9,6,4,2.1666666666666665,18,18357,4,15309,2240,231,8,23
5184662585,5,Kennen,"{<Key.Q: 'Q'>: 2, <Key.W: 'W'>: 2, <Key.E: 'E'>: 1}",0,0,1,1.0,6,1916,0,1479,979,17,0,35
5184662585,10,Kennen,"{<Key.Q: 'Q'>: 3, <Key.W: 'W'>: 3, <Key.E: 'E'>: 1, <Key.R: 'R'>: 1}",1,0,3,4.0,9,4742,1,3480,1780,52,0,35
5184662585,15,Kennen,"{<Key.Q: 'Q'>: 4, <Key.W: 'W'>: 4, <Key.E: 'E'>: 1, <Key.R: 'R'>: 2}",1,0,4,5.0,12,8137,1,5538,763,93,0,35
5184662585,20,Kennen,"{<Key.Q: 'Q'>: 5, <Key.W: 'W'>: 5, <Key.E: 'E'>: 1, <Key.R: 'R'>: 2}",2,2,4,3.0,14,10136,1,7361,791,119,0,35
5184662585,25,Kennen,"{<Key.Q: 'Q'>: 5, <Key.W: 'W'>: 5, <Key.E: 'E'>: 1, <Key.R: 'R'>: 2}",2,3,5,2.3333333333333335,14,11376,1,8495,1025,132,4,35
5184662585,30,Kennen,"{<Key.Q: 'Q'>: 5, <Key.W: 'W'>: 5, <Key.E: 'E'>: 3, <Key.R: 'R'>: 2}",2,5,6,1.6,16,14236,1,11125,255,170,4,35
5181934818,5,Renekton,"{<Key.E: 'E'>: 1, <Key.Q: 'Q'>: 2, <Key.W: 'W'>: 1}",0,1,0,0.0,5,1511,0,1284,134,17,0,19
5181934818,10,Renekton,"{<Key.E: 'E'>: 2, <Key.Q: 'Q'>: 4, <Key.W: 'W'>: 1, <Key.R: 'R'>: 1}",2,2,0,1.0,9,4390,0,3397,47,54,0,19
5181898399,5,Darius,"{<Key.Q: 'Q'>: 3, <Key.E: 'E'>: 1, <Key.W: 'W'>: 1}",0,0,1,1.0,6,1927,0,1629,379,29,0,29
5181898399,10,Darius,"{<Key.Q: 'Q'>: 5, <Key.E: 'E'>: 2, <Key.W: 'W'>: 1, <Key.R: 'R'>: 1}",3,1,1,4.0,10,5093,0,4039,2214,73,0,29
5181873440,5,Darius,"{<Key.W: 'W'>: 1, <Key.Q: 'Q'>: 3, <Key.E: 'E'>: 1}",1,2,0,0.5,6,2021,0,1821,321,31,0,13
5181873440,10,Darius,"{<Key.W: 'W'>: 1, <Key.Q: 'Q'>: 4, <Key.E: 'E'>: 2, <Key.R: 'R'>: 1}",3,5,0,0.6,9,4300,0,3782,432,60,0,13
5181873440,15,Darius,"{<Key.W: 'W'>: 1, <Key.Q: 'Q'>: 5, <Key.E: 'E'>: 3, <Key.R: 'R'>: 1}",3,6,2,0.8333333333333334,11,6361,0,5219,249,93,0,13
5181873440,20,Darius,"{<Key.W: 'W'>: 1, <Key.Q: 'Q'>: 5, <Key.E: 'E'>: 4, <Key.R: 'R'>: 2}",4,8,4,1.0,13,9758,1,7649,429,141,0,13
5181873440,25,Darius,"{<Key.W: 'W'>: 2, <Key.Q: 'Q'>: 5, <Key.E: 'E'>: 5, <Key.R: 'R'>: 2}",5,10,6,1.1,15,12034,1,9760,390,169,0,13
5181873440,30,Darius,"{<Key.W: 'W'>: 3, <Key.Q: 'Q'>: 5, <Key.E: 'E'>: 5, <Key.R: 'R'>: 2}",5,12,8,1.0833333333333333,16,13408,1,10806,182,180,0,13
5181259709,5,Varus,"{<Key.E: 'E'>: 1, <Key.W: 'W'>: 2, <Key.Q: 'Q'>: 1}",0,1,1,1.0,5,1524,0,1499,449,21,0,16
5181259709,10,Varus,"{<Key.E: 'E'>: 1, <Key.W: 'W'>: 4, <Key.Q: 'Q'>: 1, <Key.R: 'R'>: 1}",0,3,2,0.6666666666666666,8,3710,0,3005,605,55,0,16
5181232812,5,Rumble,"{<Key.E: 'E'>: 1, <Key.Q: 'Q'>: 3, <Key.W: 'W'>: 1}",0,0,0,0.0,6,2125,0,1438,938,26,0,14
5181232812,10,Rumble,"{<Key.E: 'E'>: 2, <Key.Q: 'Q'>: 4, <Key.W: 'W'>: 1, <Key.R: 'R'>: 1}",1,0,1,2.0,9,4774,0,3353,153,63,0,14
5181232812,15,Rumble,"{<Key.E: 'E'>: 3, <Key.Q: 'Q'>: 5, <Key.W: 'W'>: 1, <Key.R: 'R'>: 2}",1,0,1,2.0,12,7794,0,5157,657,116,0,14
5181232812,20,Rumble,"{<Key.E: 'E'>: 5, <Key.Q: 'Q'>: 5, <Key.W: 'W'>: 1, <Key.R: 'R'>: 2}",1,1,2,3.0,14,10533,0,7036,386,156,0,14
5181190772,5,Ambessa,"{<Key.W: 'W'>: 1, <Key.Q: 'Q'>: 3, <Key.E: 'E'>: 1}",0,0,0,0.0,6,1848,0,1347,147,21,0,22
5181190772,10,Ambessa,"{<Key.W: 'W'>: 1, <Key.Q: 'Q'>: 4, <Key.E: 'E'>: 2, <Key.R: 'R'>: 1}",0,1,0,0.0,9,4969,0,3036,836,72,0,22
5181190772,15,Ambessa,"{<Key.W: 'W'>: 1, <Key.Q: 'Q'>: 5, <Key.E: 'E'>: 3, <Key.R: 'R'>: 2}",3,3,0,1.0,12,7800,0,5421,46,95,0,22
5181155586,5,Riven,"{<Key.Q: 'Q'>: 3, <Key.E: 'E'>: 1, <Key.W: 'W'>: 1}",1,1,1,2.0,6,2136,0,2004,154,26,0,11
5181155586,10,Riven,"{<Key.Q: 'Q'>: 4, <Key.E: 'E'>: 2, <Key.W: 'W'>: 1, <Key.R: 'R'>: 1}",4,2,1,2.5,9,4641,0,3884,184,51,0,11
5181155586,15,Riven,"{<Key.Q: 'Q'>: 5, <Key.E: 'E'>: 3, <Key.W: 'W'>: 1, <Key.R: 'R'>: 2}",5,3,1,2.0,12,7419,0,6122,522,97,0,11
5181155586,20,Riven,"{<Key.Q: 'Q'>: 5, <Key.E: 'E'>: 4, <Key.W: 'W'>: 1, <Key.R: 'R'>: 2}",6,4,3,2.25,13,9663,2,8137,127,124,0,11
5181155586,25,Riven,"{<Key.Q: 'Q'>: 5, <Key.E: 'E'>: 5, <Key.W: 'W'>: 3, <Key.R: 'R'>: 2}",7,5,4,2.2,16,13789,3,10962,1233,167,0,11
5180097144,5,Rumble,"{<Key.E: 'E'>: 1, <Key.Q: 'Q'>: 2, <Key.W: 'W'>: 1}",0,1,2,2.0,5,1680,0,1447,147,17,0,5
5180097144,10,Rumble,"{<Key.E: 'E'>: 2, <Key.Q: 'Q'>: 4, <Key.W: 'W'>: 1, <Key.R: 'R'>: 1}",2,4,2,1.0,9,4285,0,3446,746,48,0,5
5178553004,5,Illaoi,"{<Key.Q: 'Q'>: 1, <Key.W: 'W'>: 1, <Key.E: 'E'>: 3}",0,2,0,0.0,6,1756,0,1336,436,23,0,23
5178553004,10,Illaoi,"{<Key.Q: 'Q'>: 2, <Key.W: 'W'>: 1, <Key.E: 'E'>: 4, <Key.R: 'R'>: 1}",0,3,0,0.0,9,4306,0,2862,1162,63,0,23
5178553004,15,Illaoi,"{<Key.Q: 'Q'>: 3, <Key.W: 'W'>: 1, <Key.E: 'E'>: 5, <Key.R: 'R'>: 1}",0,4,0,0.0,11,6494,0,4205,485,92,0,23
5178553004,20,Illaoi,"{<Key.Q: 'Q'>: 4, <Key.W: 'W'>: 1, <Key.E: 'E'>: 5, <Key.R: 'R'>: 2}",1,6,0,0.16666666666666666,13,9831,0,6586,416,137,0,23
5178553004,25,Illaoi,"{<Key.Q: 'Q'>: 5, <Key.W: 'W'>: 2, <Key.E: 'E'>: 5, <Key.R: 'R'>: 2}",2,7,1,0.42857142857142855,15,12503,0,8991,271,175,0,23
5178553004,30,Illaoi,"{<Key.Q: 'Q'>: 5, <Key.W: 'W'>: 4, <Key.E: 'E'>: 5, <Key.R: 'R'>: 3}",2,8,1,0.375,18,16549,1,12051,1131,228,0,23
5178530444,5,Riven,"{<Key.Q: 'Q'>: 3, <Key.E: 'E'>: 1, <Key.W: 'W'>: 1}",1,2,0,0.5,6,2022,0,1688,313,22,0,10
5178530444,10,Riven,"{<Key.Q: 'Q'>: 4, <Key.E: 'E'>: 2, <Key.W: 'W'>: 1, <Key.R: 'R'>: 1}",2,2,2,2.0,9,4830,2,4043,643,65,0,10
5178530444,15,Riven,"{<Key.Q: 'Q'>: 5, <Key.E: 'E'>: 3, <Key.W: 'W'>: 1, <Key.R: 'R'>: 2}",4,3,2,2.0,12,7503,3,6526,1276,101,0,10
5178530444,20,Riven,"{<Key.Q: 'Q'>: 5, <Key.E: 'E'>: 5, <Key.W: 'W'>: 1, <Key.R: 'R'>: 2}",6,5,4,2.0,14,10233,5,8809,734,134,0,10
5178331631,5,Rumble,"{<Key.E: 'E'>: 1, <Key.Q: 'Q'>: 3, <Key.W: 'W'>: 1}",0,0,1,1.0,6,1745,0,1427,227,19,0,36
5178331631,10,Rumble,"{<Key.E: 'E'>: 2, <Key.Q: 'Q'>: 4, <Key.W: 'W'>: 1, <Key.R: 'R'>: 1}",2,1,2,4.0,9,4163,0,3253,403,49,0,36
5178331631,15,Rumble,"{<Key.E: 'E'>: 3, <Key.Q: 'Q'>: 5, <Key.W: 'W'>: 1, <Key.R: 'R'>: 1}",3,3,2,1.6666666666666667,11,6220,0,4934,709,79,0,36
5178331631,20,Rumble,"{<Key.E: 'E'>: 3, <Key.Q: 'Q'>: 5, <Key.W: 'W'>: 1, <Key.R: 'R'>: 2}",3,5,4,1.4,12,8161,0,6324,599,105,0,36
5178331631,25,Rumble,"{<Key.E: 'E'>: 5, <Key.Q: 'Q'>: 5, <Key.W: 'W'>: 1, <Key.R: 'R'>: 2}",4,6,9,2.1666666666666665,14,10702,1,8326,496,128,0,36
5178331631,30,Rumble,"{<Key.E: 'E'>: 5, <Key.Q: 'Q'>: 5, <Key.W: 'W'>: 2, <Key.R: 'R'>: 2}",4,8,11,1.875,15,12113,1,9404,464,134,0,36
5177915812,5,Rumble,"{<Key.E: 'E'>: 1, <Key.Q: 'Q'>: 3, <Key.W: 'W'>: 1}",0,0,0,0.0,6,2125,0,1473,973,29,0,31
5177915812,10,Rumble,"{<Key.E: 'E'>: 2, <Key.Q: 'Q'>: 5, <Key.W: 'W'>: 1, <Key.R: 'R'>: 1}",1,0,0,1.0,10,5173,0,3601,526,82,0,31
5177915812,15,Rumble,"{<Key.E: 'E'>: 4, <Key.Q: 'Q'>: 5, <Key.W: 'W'>: 1, <Key.R: 'R'>: 2}",2,0,3,5.0,13,8671,1,6479,754,127,0,31
5177878328,5,Rumble,"{<Key.Q: 'Q'>: 3, <Key.E: 'E'>: 1, <Key.W: 'W'>: 1}",1,0,0,1.0,6,2253,0,1615,1115,22,0,12
5177878328,10,Rumble,"{<Key.Q: 'Q'>: 4, <Key.E: 'E'>: 2, <Key.W: 'W'>: 1, <Key.R: 'R'>: 1}",3,1,1,4.0,9,4834,0,3534,384,52,0,12
5177878328,15,Rumble,"{<Key.Q: 'Q'>: 5, <Key.E: 'E'>: 3, <Key.W: 'W'>: 1, <Key.R: 'R'>: 1}",4,3,3,2.3333333333333335,11,7282,1,5343,788,84,0,12
5177849595,5,Rumble,"{<Key.E: 'E'>: 1, <Key.Q: 'Q'>: 3, <Key.W: 'W'>: 1}",0,0,0,0.0,6,1848,0,1431,131,26,0,14
5177849595,10,Rumble,"{<Key.E: 'E'>: 2, <Key.Q: 'Q'>: 4, <Key.W: 'W'>: 1, <Key.R: 'R'>: 1}",0,2,2,1.0,9,4475,2,3032,332,58,0,14
5177849595,15,Rumble,"{<Key.E: 'E'>: 3, <Key.Q: 'Q'>: 5, <Key.W: 'W'>: 1, <Key.R: 'R'>: 1}",0,2,6,3.0,11,6716,2,4469,664,85,0,14
5177849595,20,Rumble,"{<Key.E: 'E'>: 4, <Key.Q: 'Q'>: 5, <Key.W: 'W'>: 1, <Key.R: 'R'>: 2}",0,2,9,4.5,13,9158,2,6158,803,114,0,14
5177822778,5,Fiora,"{<Key.Q: 'Q'>: 3, <Key.W: 'W'>: 1, <Key.E: 'E'>: 1}",2,2,0,1.0,6,1988,0,2066,866,27,0,13
5177822778,10,Fiora,"{<Key.Q: 'Q'>: 4, <Key.W: 'W'>: 1, <Key.E: 'E'>: 2, <Key.R: 'R'>: 1}",2,4,1,0.75,9,4346,0,3957,37,65,0,13
5177822778,15,Fiora,"{<Key.Q: 'Q'>: 5, <Key.W: 'W'>: 1, <Key.E: 'E'>: 3, <Key.R: 'R'>: 1}",2,6,2,0.6666666666666666,11,6914,0,5633,813,102,0,13
5177822778,20,Fiora,"{<Key.Q: 'Q'>: 5, <Key.W: 'W'>: 1, <Key.E: 'E'>: 4, <Key.R: 'R'>: 2}",2,7,2,0.5714285714285714,13,9073,1,7596,171,139,0,13
5177822778,25,Fiora,"{<Key.Q: 'Q'>: 5, <Key.W: 'W'>: 2, <Key.E: 'E'>: 5, <Key.R: 'R'>: 2}",7,9,3,1.1111111111111112,15,11967,1,10340,32,160,0,13
5177822778,30,Fiora,"{<Key.Q: 'Q'>: 5, <Key.W: 'W'>: 3, <Key.E: 'E'>: 5, <Key.R: 'R'>: 2}",7,11,4,1.0,16,13812,1,11784,326,186,0,13
5177747118,5,Rumble,"{<Key.E: 'E'>: 1, <Key.Q: 'Q'>: 3, <Key.W: 'W'>: 1}",1,1,0,1.0,6,2051,0,1631,731,22,0,8
5177747118,10,Rumble,"{<Key.E: 'E'>: 2, <Key.Q: 'Q'>: 4, <Key.W: 'W'>: 1, <Key.R: 'R'>: 1}",2,2,0,1.0,9,4564,0,3741,341,70,0,8
5177747118,15,Rumble,"{<Key.E: 'E'>: 3, <Key.Q: 'Q'>: 5, <Key.W: 'W'>: 1, <Key.R: 'R'>: 2}",2,3,1,1.0,12,7160,1,6226,326,113,0,8
5177747118,20,Rumble,"{<Key.E: 'E'>: 5, <Key.Q: 'Q'>: 5, <Key.W: 'W'>: 1, <Key.R: 'R'>: 2}",5,4,5,2.5,14,10432,3,9462,1162,143,0,8
5177747118,25,Rumble,"{<Key.E: 'E'>: 5, <Key.Q: 'Q'>: 5, <Key.W: 'W'>: 2, <Key.R: 'R'>: 2}",8,6,7,2.5,15,12131,4,11516,366,160,0,8
5176965974,5,Smolder,"{<Key.Q: 'Q'>: 3, <Key.W: 'W'>: 1, <Key.E: 'E'>: 1}",0,1,0,0.0,6,2063,0,1543,293,35,0,14
5176965974,10,Smolder,"{<Key.Q: 'Q'>: 4, <Key.W: 'W'>: 1, <Key.E: 'E'>: 1, <Key.R: 'R'>: 1}",0,3,0,0.0,8,3950,2,2716,116,61,0,14
5176932402,5,Illaoi,"{<Key.Q: 'Q'>: 1, <Key.W: 'W'>: 1, <Key.E: 'E'>: 3}",0,1,1,1.0,6,2033,0,1441,591,29,0,14
5176932402,10,Illaoi,"{<Key.Q: 'Q'>: 2, <Key.W: 'W'>: 1, <Key.E: 'E'>: 4, <Key.R: 'R'>: 1}",1,3,1,0.6666666666666666,9,4662,0,3636,1061,72,0,14
5176932402,15,Illaoi,"{<Key.Q: 'Q'>: 4, <Key.W: 'W'>: 1, <Key.E: 'E'>: 5, <Key.R: 'R'>: 2}",4,5,1,1.0,13,8610,1,6773,1773,109,0,14
5176905060,5,Illaoi,"{<Key.Q: 'Q'>: 3, <Key.W: 'W'>: 1, <Key.E: 'E'>: 1}",0,0,0,0.0,6,1973,0,1386,886,25,0,12
5176905060,10,Illaoi,"{<Key.Q: 'Q'>: 4, <Key.W: 'W'>: 1, <Key.E: 'E'>: 3, <Key.R: 'R'>: 1}",2,0,0,2.0,10,5554,0,3959,1309,80,0,12
5176905060,15,Illaoi,"{<Key.Q: 'Q'>: 5, <Key.W: 'W'>: 1, <Key.E: 'E'>: 5, <Key.R: 'R'>: 2}",6,0,0,6.0,14,10396,2,8319,669,141,0,12
5173486961,5,Riven,"{<Key.Q: 'Q'>: 2, <Key.E: 'E'>: 1, <Key.W: 'W'>: 1}",0,1,0,0.0,5,1692,0,1445,95,29,0,11
5173486961,10,Riven,"{<Key.Q: 'Q'>: 4, <Key.E: 'E'>: 2, <Key.W: 'W'>: 1, <Key.R: 'R'>: 1}",0,3,0,0.0,9,4195,0,2762,412,64,0,11
5173486961,15,Riven,"{<Key.Q: 'Q'>: 5, <Key.E: 'E'>: 3, <Key.W: 'W'>: 1, <Key.R: 'R'>: 1}",0,3,0,0.0,11,6226,0,4076,286,99,0,11
5173486961,20,Riven,"{<Key.Q: 'Q'>: 5, <Key.E: 'E'>: 3, <Key.W: 'W'>: 1, <Key.R: 'R'>: 2}",0,4,2,0.5,12,7813,0,5352,337,120,0,11
5173486961,25,Riven,"{<Key.Q: 'Q'>: 5, <Key.E: 'E'>: 4, <Key.W: 'W'>: 1, <Key.R: 'R'>: 2}",0,7,2,0.2857142857142857,13,9397,0,6556,391,142,0,11
5170292547,5,Fiora,"{<Key.Q: 'Q'>: 3, <Key.W: 'W'>: 1, <Key.E: 'E'>: 1}",1,0,0,1.0,6,2207,0,1650,500,26,0,13
5170292547,10,Fiora,"{<Key.Q: 'Q'>: 4, <Key.W: 'W'>: 1, <Key.E: 'E'>: 2, <Key.R: 'R'>: 1}",2,0,1,3.0,9,4750,0,3302,402,62,0,13
5170292547,15,Fiora,"{<Key.Q: 'Q'>: 5, <Key.W: 'W'>: 1, <Key.E: 'E'>: 3, <Key.R: 'R'>: 2}",3,0,1,4.0,12,8426,0,5942,1842,117,0,13
5170292547,20,Fiora,"{<Key.Q: 'Q'>: 5, <Key.W: 'W'>: 1, <Key.E: 'E'>: 5, <Key.R: 'R'>: 2}",4,3,1,1.6666666666666667,14,11274,0,7944,511,158,0,13
5170292547,25,Fiora,"{<Key.Q: 'Q'>: 5, <Key.W: 'W'>: 3, <Key.E: 'E'>: 5, <Key.R: 'R'>: 2}",4,3,1,1.6666666666666667,16,13678,1,10309,2476,199,0,13
5170292547,30,Fiora,"{<Key.Q: 'Q'>: 5, <Key.W: 'W'>: 4, <Key.E: 'E'>: 5, <Key.R: 'R'>: 3}",4,4,4,2.0,18,16673,1,12542,959,245,0,13
5160924218,5,K'Sante,"{<Key.Q: 'Q'>: 3, <Key.E: 'E'>: 1, <Key.W: 'W'>: 1}",0,0,0,0.0,6,1910,0,1445,945,26,0,12
5160924218,10,K'Sante,"{<Key.Q: 'Q'>: 4, <Key.E: 'E'>: 2, <Key.W: 'W'>: 1, <Key.R: 'R'>: 1}",0,1,0,0.0,9,4472,0,2676,776,60,0,12
5160924218,15,K'Sante,"{<Key.Q: 'Q'>: 5, <Key.E: 'E'>: 3, <Key.W: 'W'>: 1, <Key.R: 'R'>: 1}",0,1,0,0.0,11,7289,0,4252,702,100,0,12
5160924218,20,K'Sante,"{<Key.Q: 'Q'>: 5, <Key.E: 'E'>: 3, <Key.W: 'W'>: 2, <Key.R: 'R'>: 2}",0,2,0,0.0,13,8708,0,5399,749,123,0,12
5160924218,25,K'Sante,"{<Key.Q: 'Q'>: 5, <Key.E: 'E'>: 4, <Key.W: 'W'>: 2, <Key.R: 'R'>: 2}",0,3,3,1.0,14,11053,0,6908,318,158,0,12
5158620400,5,Rumble,"{<Key.E: 'E'>: 1, <Key.Q: 'Q'>: 3, <Key.W: 'W'>: 1}",1,1,0,1.0,6,1808,0,1549,349,15,0,14
5155957624,5,Urgot,"{<Key.E: 'E'>: 1, <Key.W: 'W'>: 1, <Key.Q: 'Q'>: 3}",1,0,0,1.0,6,2020,0,1781,1281,23,0,16
5155957624,10,Urgot,"{<Key.E: 'E'>: 1, <Key.W: 'W'>: 2, <Key.Q: 'Q'>: 3, <Key.R: 'R'>: 1}",1,3,0,0.3333333333333333,8,3869,0,2983,208,51,0,16
5155957624,15,Urgot,"{<Key.E: 'E'>: 1, <Key.W: 'W'>: 5, <Key.Q: 'Q'>: 3, <Key.R: 'R'>: 1}",2,5,0,0.4,11,6784,0,4869,169,78,0,16
5155922635,5,Smolder,"{<Key.Q: 'Q'>: 2, <Key.W: 'W'>: 1, <Key.E: 'E'>: 1}",0,0,0,0.0,5,1539,0,1448,648,29,0,17
5155922635,10,Smolder,"{<Key.Q: 'Q'>: 4, <Key.W: 'W'>: 1, <Key.E: 'E'>: 1, <Key.R: 'R'>: 1}",0,2,0,0.0,8,3783,0,2778,478,65,0,17
5155851577,5,Illaoi,"{<Key.Q: 'Q'>: 2, <Key.W: 'W'>: 1, <Key.E: 'E'>: 2}",1,0,0,1.0,6,1959,0,1735,360,29,0,6
5155851577,10,Illaoi,"{<Key.Q: 'Q'>: 2, <Key.W: 'W'>: 1, <Key.E: 'E'>: 4, <Key.R: 'R'>: 1}",2,2,0,1.0,9,4848,0,3440,165,69,0,6
5155851577,15,Illaoi,"{<Key.Q: 'Q'>: 4, <Key.W: 'W'>: 1, <Key.E: 'E'>: 5, <Key.R: 'R'>: 2}",5,2,0,2.5,13,9481,1,7392,992,129,0,6
5155851577,20,Illaoi,"{<Key.Q: 'Q'>: 5, <Key.W: 'W'>: 2, <Key.E: 'E'>: 5, <Key.R: 'R'>: 2}",6,4,2,2.0,15,12718,2,10245,540,170,0,6
5155851577,25,Illaoi,"{<Key.Q: 'Q'>: 5, <Key.W: 'W'>: 3, <Key.E: 'E'>: 5, <Key.R: 'R'>: 2}",6,6,2,1.3333333333333333,16,14287,2,11515,591,197,0,6
5155851577,30,Illaoi,"{<Key.Q: 'Q'>: 5, <Key.W: 'W'>: 4, <Key.E: 'E'>: 5, <Key.R: 'R'>: 3}",11,7,2,1.8571428571428572,18,18258,2,15531,856,234,0,6
5150759924,5,Ambessa,"{<Key.Q: 'Q'>: 3, <Key.W: 'W'>: 1, <Key.E: 'E'>: 1}",0,1,0,0.0,6,1940,0,1295,295,19,0,7
5150759924,10,Ambessa,"{<Key.Q: 'Q'>: 4, <Key.W: 'W'>: 1, <Key.E: 'E'>: 2, <Key.R: 'R'>: 1}",0,1,1,1.0,9,4408,0,2733,858,44,0,7
5150759924,15,Ambessa,"{<Key.Q: 'Q'>: 5, <Key.W: 'W'>: 1, <Key.E: 'E'>: 3, <Key.R: 'R'>: 1}",1,2,1,1.0,11,6901,0,4400,150,69,0,7
5150759924,20,Ambessa,"{<Key.Q: 'Q'>: 5, <Key.W: 'W'>: 1, <Key.E: 'E'>: 4, <Key.R: 'R'>: 2}",3,4,2,1.25,13,9172,1,7024,414,91,0,7
5150759924,25,Ambessa,"{<Key.Q: 'Q'>: 5, <Key.W: 'W'>: 2, <Key.E: 'E'>: 5, <Key.R: 'R'>: 2}",3,5,3,1.2,15,12195,3,9947,387,136,0,7
5150042859,5,Jayce,"{<Key.Q: 'Q'>: 3, <Key.W: 'W'>: 1, <Key.E: 'E'>: 1}",1,2,0,0.5,6,1749,0,1689,689,21,0,13
5150042859,10,Jayce,"{<Key.Q: 'Q'>: 4, <Key.W: 'W'>: 3, <Key.E: 'E'>: 1}",2,3,0,0.6666666666666666,9,4257,0,3598,673,57,0,13
5150042859,15,Jayce,"{<Key.Q: 'Q'>: 5, <Key.W: 'W'>: 4, <Key.E: 'E'>: 1}",2,4,0,0.5,11,6662,0,4961,1061,91,0,13
5150042859,20,Jayce,"{<Key.Q: 'Q'>: 6, <Key.W: 'W'>: 5, <Key.E: 'E'>: 1}",4,7,2,0.8571428571428571,13,9241,1,7757,617,120,0,13
5150042859,25,Jayce,"{<Key.Q: 'Q'>: 6, <Key.W: 'W'>: 6, <Key.E: 'E'>: 1}",8,10,4,1.2,14,10891,1,10062,123,130,4,13
5150042859,30,Jayce,"{<Key.Q: 'Q'>: 6, <Key.W: 'W'>: 6, <Key.E: 'E'>: 2}",11,12,4,1.25,15,12803,2,12509,100,158,4,13
5149386560,5,Rumble,"{<Key.Q: 'Q'>: 3, <Key.E: 'E'>: 1, <Key.W: 'W'>: 1}",1,1,0,1.0,6,2175,0,1566,366,20,0,26
5149386560,10,Rumble,"{<Key.Q: 'Q'>: 4, <Key.E: 'E'>: 2, <Key.W: 'W'>: 1, <Key.R: 'R'>: 1}",1,3,0,0.3333333333333333,9,4579,0,3031,731,55,0,26
5149386560,15,Rumble,"{<Key.Q: 'Q'>: 5, <Key.E: 'E'>: 3, <Key.W: 'W'>: 1, <Key.R: 'R'>: 2}",2,3,2,1.3333333333333333,12,7572,1,5181,281,99,0,26
5149386560,20,Rumble,"{<Key.Q: 'Q'>: 5, <Key.E: 'E'>: 5, <Key.W: 'W'>: 1, <Key.R: 'R'>: 2}",3,4,2,1.25,14,11372,1,7559,19,143,0,26
5149386560,25,Rumble,"{<Key.Q: 'Q'>: 5, <Key.E: 'E'>: 5, <Key.W: 'W'>: 2, <Key.R: 'R'>: 2}",3,5,4,1.4,15,12447,2,8600,185,154,0,26
5146253689,5,Rumble,"{<Key.Q: 'Q'>: 3, <Key.E: 'E'>: 1, <Key.W: 'W'>: 1}",0,0,1,1.0,6,1800,0,1508,308,21,0,6
5146253689,10,Rumble,"{<Key.Q: 'Q'>: 4, <Key.E: 'E'>: 2, <Key.W: 'W'>: 1, <Key.R: 'R'>: 1}",1,1,1,2.0,9,4824,0,3472,1472,59,0,6
5146253689,15,Rumble,"{<Key.Q: 'Q'>: 5, <Key.E: 'E'>: 2, <Key.W: 'W'>: 1, <Key.R: 'R'>: 1}",2,4,1,0.75,10,5895,1,4793,143,71,0,6
5144964186,5,Rumble,"{<Key.Q: 'Q'>: 3, <Key.E: 'E'>: 1, <Key.W: 'W'>: 1}",0,0,0,0.0,6,2063,0,1448,948,29,0,9
5144964186,10,Rumble,"{<Key.Q: 'Q'>: 4, <Key.E: 'E'>: 2, <Key.W: 'W'>: 1, <Key.R: 'R'>: 1}",1,2,0,0.5,9,4793,0,3069,919,66,0,9
5144964186,15,Rumble,"{<Key.Q: 'Q'>: 5, <Key.E: 'E'>: 3, <Key.W: 'W'>: 1, <Key.R: 'R'>: 2}",2,3,0,0.6666666666666666,12,7502,0,4934,684,96,0,9
5144964186,20,Rumble,"{<Key.Q: 'Q'>: 5, <Key.E: 'E'>: 5, <Key.W: 'W'>: 1, <Key.R: 'R'>: 2}",2,4,0,0.5,14,10368,0,6620,670,143,0,9
5144945660,5,Rumble,"{<Key.E: 'E'>: 1, <Key.Q: 'Q'>: 2, <Key.W: 'W'>: 1}",0,1,0,0.0,5,1702,0,1312,812,22,0,11
5144945660,10,Rumble,"{<Key.E: 'E'>: 2, <Key.Q: 'Q'>: 4, <Key.W: 'W'>: 1, <Key.R: 'R'>: 1}",1,2,1,1.0,9,4375,0,2795,640,43,0,11
5144945660,15,Rumble,"{<Key.E: 'E'>: 3, <Key.Q: 'Q'>: 5, <Key.W: 'W'>: 1, <Key.R: 'R'>: 2}",3,4,2,1.25,12,7489,0,5069,914,74,0,11
5144940871,5,Rumble,"{<Key.Q: 'Q'>: 2, <Key.W: 'W'>: 1, <Key.E: 'E'>: 1}",0,2,0,0.0,5,1415,0,1203,303,16,0,4
5144940871,10,Rumble,"{<Key.Q: 'Q'>: 4, <Key.W: 'W'>: 1, <Key.E: 'E'>: 2, <Key.R: 'R'>: 1}",1,5,0,0.2,9,4120,0,2743,243,43,0,4
5144925466,10,Rumble,"{<Key.Q: 'Q'>: 4, <Key.E: 'E'>: 2, <Key.W: 'W'>: 1, <Key.R: 'R'>: 1}",1,1,3,4.0,9,4831,0,3608,1208,69,0,17
5144925466,15,Rumble,"{<Key.Q: 'Q'>: 5, <Key.E: 'E'>: 3, <Key.W: 'W'>: 1, <Key.R: 'R'>: 2}",3,2,4,3.5,12,7823,0,5837,762,117,0,17
5144925466,20,Rumble,"{<Key.Q: 'Q'>: 5, <Key.E: 'E'>: 5, <Key.W: 'W'>: 1, <Key.R: 'R'>: 2}",6,3,8,4.666666666666667,14,11246,2,8646,1071,151,1,17
5144900863,15,Rumble,"{<Key.E: 'E'>: 3, <Key.Q: 'Q'>: 5, <Key.W: 'W'>: 1, <Key.R: 'R'>: 2}",5,1,0,5.0,12,8502,1,6163,213,98,0,14
5144900863,20,Rumble,"{<Key.E: 'E'>: 5, <Key.Q: 'Q'>: 5, <Key.W: 'W'>: 2, <Key.R: 'R'>: 2}",5,2,0,2.5,15,12053,1,8553,153,160,0,14
5144900863,25,Rumble,"{<Key.E: 'E'>: 5, <Key.Q: 'Q'>: 5, <Key.W: 'W'>: 3, <Key.R: 'R'>: 3}",9,2,2,5.5,17,15120,1,11659,734,185,0,14
5144900863,30,Rumble,"{<Key.E: 'E'>: 5, <Key.Q: 'Q'>: 5, <Key.W: 'W'>: 4, <Key.R: 'R'>: 3}",9,3,2,3.6666666666666665,18,16966,4,13761,1047,199,0,14
5144547108,15,K'Sante,"{<Key.Q: 'Q'>: 5, <Key.E: 'E'>: 1, <Key.W: 'W'>: 3, <Key.R: 'R'>: 1}",4,4,0,1.0,11,7216,0,5590,1015,95,0,12
5144547108,20,K'Sante,"{<Key.Q: 'Q'>: 5, <Key.E: 'E'>: 1, <Key.W: 'W'>: 4, <Key.R: 'R'>: 2}",4,7,1,0.7142857142857143,13,8655,1,6874,229,118,0,12
5144547108,25,K'Sante,"{<Key.Q: 'Q'>: 5, <Key.E: 'E'>: 1, <Key.W: 'W'>: 5, <Key.R: 'R'>: 2}",4,9,1,0.5555555555555556,14,10289,1,8171,276,146,0,12
5144547108,30,K'Sante,"{<Key.Q: 'Q'>: 5, <Key.E: 'E'>: 3, <Key.W: 'W'>: 5, <Key.R: 'R'>: 2}",5,10,1,0.6,16,13052,1,9878,383,175,0,12
5144517273,15,Gnar,"{<Key.Q: 'Q'>: 5, <Key.W: 'W'>: 3, <Key.E: 'E'>: 1, <Key.R: 'R'>: 2}",2,3,2,1.3333333333333333,12,7562,1,5290,140,106,2,25
5144517273,20,Gnar,"{<Key.Q: 'Q'>: 5, <Key.W: 'W'>: 5, <Key.E: 'E'>: 1, <Key.R: 'R'>: 2}",3,4,2,1.25,14,10221,1,6961,291,140,2,25
5144517273,25,Gnar,"{<Key.Q: 'Q'>: 5, <Key.W: 'W'>: 5, <Key.E: 'E'>: 2, <Key.R: 'R'>: 2}",3,6,3,1.0,15,12491,2,8682,779,171,2,25
5144517273,30,Gnar,"{<Key.Q: 'Q'>: 5, <Key.W: 'W'>: 5, <Key.E: 'E'>: 3, <Key.R: 'R'>: 2}",3,7,3,0.8571428571428571,16,14599,2,10142,240,188,10,25
5144428641,15,K'Sante,"{<Key.E: 'E'>: 1, <Key.Q: 'Q'>: 5, <Key.W: 'W'>: 3, <Key.R: 'R'>: 2}",1,1,1,2.0,12,7983,1,5547,1447,117,0,11
5144428641,20,K'Sante,"{<Key.E: 'E'>: 1, <Key.Q: 'Q'>: 5, <Key.W: 'W'>: 5, <Key.R: 'R'>: 2}",1,2,3,2.0,14,10092,1,7341,841,142,0,11
5144428641,25,K'Sante,"{<Key.E: 'E'>: 2, <Key.Q: 'Q'>: 5, <Key.W: 'W'>: 5, <Key.R: 'R'>: 2}",1,2,5,3.0,15,12414,5,9688,988,170,0,11
5140093033,15,Rumble,"{<Key.E: 'E'>: 3, <Key.Q: 'Q'>: 5, <Key.W: 'W'>: 1, <Key.R: 'R'>: 1}",3,5,1,0.8,11,6659,1,5661,656,90,0,11
5140093033,20,Rumble,"{<Key.E: 'E'>: 4, <Key.Q: 'Q'>: 5, <Key.W: 'W'>: 1, <Key.R: 'R'>: 2}",7,7,3,1.4285714285714286,13,9545,1,8290,665,115,0,11
5139888767,15,K'Sante,"{<Key.Q: 'Q'>: 5, <Key.E: 'E'>: 1, <Key.W: 'W'>: 3, <Key.R: 'R'>: 2}",5,1,2,7.0,12,7458,3,6963,388,98,0,20
5139888767,20,K'Sante,"{<Key.Q: 'Q'>: 5, <Key.E: 'E'>: 1, <Key.W: 'W'>: 5, <Key.R: 'R'>: 2}",6,4,3,2.25,14,10145,4,8828,153,128,0,20
5139888767,25,K'Sante,"{<Key.Q: 'Q'>: 5, <Key.E: 'E'>: 2, <Key.W: 'W'>: 5, <Key.R: 'R'>: 2}",8,6,4,2.0,15,12761,4,11433,538,163,0,20
5139878935,15,Kennen,"{<Key.Q: 'Q'>: 5, <Key.W: 'W'>: 3, <Key.E: 'E'>: 1, <Key.R: 'R'>: 1}",2,4,0,0.5,11,6534,0,4927,447,96,0,10
5139412569,20,Jax,"{<Key.E: 'E'>: 5, <Key.Q: 'Q'>: 2, <Key.W: 'W'>: 5, <Key.R: 'R'>: 2}",6,3,0,2.0,15,11860,1,8304,166,154,0,20
5139295259,20,Kennen,"{<Key.E: 'E'>: 3, <Key.W: 'W'>: 5, <Key.Q: 'Q'>: 2, <Key.R: 'R'>: 2}",3,3,0,1.0,13,9742,1,7369,1274,129,0,15
5139295259,25,Kennen,"{<Key.E: 'E'>: 4, <Key.W: 'W'>: 5, <Key.Q: 'Q'>: 2, <Key.R: 'R'>: 2}",3,4,2,1.25,14,11305,2,8903,783,149,0,15
5139295259,30,Kennen,"{<Key.E: 'E'>: 5, <Key.W: 'W'>: 5, <Key.Q: 'Q'>: 3, <Key.R: 'R'>: 2}",4,5,5,1.8,16,13784,2,11181,457,184,4,15
5139276736,20,Dr. Mundo,"{<Key.Q: 'Q'>: 5, <Key.E: 'E'>: 4, <Key.W: 'W'>: 1, <Key.R: 'R'>: 2}",1,3,3,1.3333333333333333,13,9519,0,6689,469,118,0,8
5139276736,25,Dr. Mundo,"{<Key.Q: 'Q'>: 5, <Key.E: 'E'>: 5, <Key.W: 'W'>: 2, <Key.R: 'R'>: 2}",1,4,4,1.25,15,12531,1,9664,1844,163,0,8
5139276736,30,Dr. Mundo,"{<Key.Q: 'Q'>: 5, <Key.E: 'E'>: 5, <Key.W: 'W'>: 3, <Key.R: 'R'>: 3}",2,5,5,1.4,17,15037,1,11200,480,182,0,8
5139208128,20,Riven,"{<Key.Q: 'Q'>: 5, <Key.E: 'E'>: 3, <Key.W: 'W'>: 1, <Key.R: 'R'>: 1}",0,6,2,0.3333333333333333,11,6911,2,5245,225,86,0,12
5139208128,25,Riven,"{<Key.Q: 'Q'>: 5, <Key.E: 'E'>: 4, <Key.W: 'W'>: 1, <Key.R: 'R'>: 2}",0,6,2,0.3333333333333333,13,9198,2,6644,24,117,4,12
5138144507,20,K'Sante,"{<Key.Q: 'Q'>: 5, <Key.E: 'E'>: 1, <Key.W: 'W'>: 5, <Key.R: 'R'>: 2}",3,2,3,3.0,14,10333,2,7917,272,136,0,18
5137513793,20,Kennen,"{<Key.E: 'E'>: 1, <Key.Q: 'Q'>: 5, <Key.W: 'W'>: 4, <Key.R: 'R'>: 2}",1,6,2,0.5,13,9118,0,5847,547,120,0,7
5137320987,20,Mordekaiser,"{<Key.Q: 'Q'>: 5, <Key.E: 'E'>: 5, <Key.W: 'W'>: 1, <Key.R: 'R'>: 2}",0,4,4,1.0,14,10155,0,6644,269,135,0,16
5137320987,25,Mordekaiser,"{<Key.Q: 'Q'>: 5, <Key.E: 'E'>: 5, <Key.W: 'W'>: 2, <Key.R: 'R'>: 2}",1,5,4,1.0,15,12583,0,8712,488,164,0,16
5137320987,30,Mordekaiser,"{<Key.Q: 'Q'>: 5, <Key.E: 'E'>: 5, <Key.W: 'W'>: 4, <Key.R: 'R'>: 3}",4,7,6,1.4285714285714286,18,16576,1,11390,515,189,0,16
5137298057,20,Volibear,"{<Key.E: 'E'>: 1, <Key.Q: 'Q'>: 3, <Key.W: 'W'>: 5, <Key.R: 'R'>: 2}",1,6,0,0.16666666666666666,12,8049,0,5301,396,110,0,13
5137298057,25,Volibear,"{<Key.E: 'E'>: 1, <Key.Q: 'Q'>: 5, <Key.W: 'W'>: 5, <Key.R: 'R'>: 2}",1,6,1,0.3333333333333333,14,10731,0,6885,1180,148,0,13
5137298057,30,Volibear,"{<Key.E: 'E'>: 3, <Key.Q: 'Q'>: 5, <Key.W: 'W'>: 5, <Key.R: 'R'>: 2}",1,7,2,0.42857142857142855,16,13129,0,8313,308,177,0,13
5134278449,20,Fiora,"{<Key.Q: 'Q'>: 5, <Key.W: 'W'>: 1, <Key.E: 'E'>: 5, <Key.R: 'R'>: 2}",6,2,0,3.0,14,11163,2,10107,504,148,12,17
5134225069,20,Riven,"{<Key.Q: 'Q'>: 5, <Key.E: 'E'>: 5, <Key.W: 'W'>: 1, <Key.R: 'R'>: 2}",2,2,0,1.0,14,11056,2,6869,519,154,4,12
5134225069,25,Riven,"{<Key.Q: 'Q'>: 5, <Key.E: 'E'>: 5, <Key.W: 'W'>: 2, <Key.R: 'R'>: 2}",3,4,0,0.75,15,12501,2,8279,59,174,4,12
5133403623,25,Riven,"{<Key.Q: 'Q'>: 5, <Key.E: 'E'>: 5, <Key.W: 'W'>: 2, <Key.R: 'R'>: 2}",5,6,1,1.0,15,12848,5,10126,451,159,4,16
5133403623,30,Riven,"{<Key.Q: 'Q'>: 5, <Key.E: 'E'>: 5, <Key.W: 'W'>: 3, <Key.R: 'R'>: 3}",5,7,5,1.4285714285714286,17,15038,5,11440,40,173,4,16
5133372985,25,Riven,"{<Key.Q: 'Q'>: 5, <Key.E: 'E'>: 5, <Key.W: 'W'>: 1, <Key.R: 'R'>: 2}",3,9,4,0.7777777777777778,14,10809,1,7920,120,139,0,9
5133372985,30,Riven,"{<Key.Q: 'Q'>: 5, <Key.E: 'E'>: 5, <Key.W: 'W'>: 3, <Key.R: 'R'>: 2}",3,10,4,0.7,16,13618,1,9747,878,179,0,9
5132102784,25,Varus,"{<Key.E: 'E'>: 3, <Key.W: 'W'>: 5, <Key.Q: 'Q'>: 5, <Key.R: 'R'>: 2}",9,6,3,2.0,16,13177,5,11296,3186,155,4,14
5132077070,25,Poppy,"{<Key.Q: 'Q'>: 5, <Key.E: 'E'>: 4, <Key.W: 'W'>: 1, <Key.R: 'R'>: 2}",3,8,0,0.375,13,9727,0,7331,586,137,0,13
5130757302,25,Renekton,"{<Key.Q: 'Q'>: 5, <Key.E: 'E'>: 5, <Key.W: 'W'>: 1, <Key.R: 'R'>: 2}",1,6,4,0.8333333333333334,14,10982,3,7867,292,141,2,23
5130600019,25,Poppy,"{<Key.Q: 'Q'>: 5, <Key.E: 'E'>: 5, <Key.W: 'W'>: 1, <Key.R: 'R'>: 2}",2,5,4,1.2,14,11293,0,8094,374,149,0,17
5128723667,25,Aatrox,"{<Key.Q: 'Q'>: 5, <Key.E: 'E'>: 5, <Key.W: 'W'>: 2, <Key.R: 'R'>: 2}",6,9,1,0.7777777777777778,15,12144,0,9820,630,154,0,13
5128711800,25,Kennen,"{<Key.Q: 'Q'>: 5, <Key.W: 'W'>: 5, <Key.E: 'E'>: 3, <Key.R: 'R'>: 2}",4,5,1,1.0,16,13226,3,8826,521,153,0,20
5128691590,25,Poppy,"{<Key.Q: 'Q'>: 5, <Key.E: 'E'>: 5, <Key.W: 'W'>: 2, <Key.R: 'R'>: 2}",5,5,2,1.4,15,11425,0,9591,567,159,0,10
5128349780,25,Poppy,"{<Key.Q: 'Q'>: 5, <Key.E: 'E'>: 5, <Key.W: 'W'>: 3, <Key.R: 'R'>: 2}",8,2,10,9.0,16,14430,2,11770,300,175,4,11
5121810432,25,Rumble,"{<Key.E: 'E'>: 5, <Key.Q: 'Q'>: 5, <Key.W: 'W'>: 1, <Key.R: 'R'>: 2}",5,10,4,0.9,14,10761,3,8970,565,135,1,28
5121810432,30,Rumble,"{<Key.E: 'E'>: 5, <Key.Q: 'Q'>: 5, <Key.W: 'W'>: 3, <Key.R: 'R'>: 2}",8,10,9,1.7,16,14320,4,11729,369,158,1,28
5098265438,30,Aatrox,"{<Key.Q: 'Q'>: 5, <Key.E: 'E'>: 5, <Key.W: 'W'>: 3, <Key.R: 'R'>: 3}",6,7,3,1.2857142857142858,17,16432,2,12179,20,217,14,20
5040543719,30,Darius,"{<Key.Q: 'Q'>: 5, <Key.W: 'W'>: 3, <Key.E: 'E'>: 5, <Key.R: 'R'>: 2}",4,4,3,1.75,16,13056,2,10671,946,207,0,18
5039830956,30,Camille,"{<Key.W: 'W'>: 3, <Key.Q: 'Q'>: 5, <Key.E: 'E'>: 5, <Key.R: 'R'>: 2}",5,8,3,1.0,16,13529,0,11231,953,192,4,9
5039036350,30,Aatrox,"{<Key.Q: 'Q'>: 5, <Key.E: 'E'>: 5, <Key.W: 'W'>: 4, <Key.R: 'R'>: 3}",4,7,5,1.2857142857142858,18,16857,4,13054,1385,205,8,20
5022143185,30,Camille,"{<Key.W: 'W'>: 4, <Key.E: 'E'>: 5, <Key.Q: 'Q'>: 5, <Key.R: 'R'>: 3}",8,6,5,2.1666666666666665,18,18262,1,12638,981,204,4,19
5016541605,30,Twisted Fate,"{<Key.W: 'W'>: 5, <Key.E: 'E'>: 5, <Key.R: 'R'>: 3, <Key.Q: 'Q'>: 3}",4,7,10,2.0,17,16167,0,11250,66,188,4,14
5016339234,30,Camille,"{<Key.W: 'W'>: 4, <Key.E: 'E'>: 5, <Key.Q: 'Q'>: 5, <Key.R: 'R'>: 3}",4,3,10,4.666666666666667,18,17399,3,12163,1995,205,20,20
5000836968,30,Riven,"{<Key.Q: 'Q'>: 5, <Key.E: 'E'>: 5, <Key.W: 'W'>: 4, <Key.R: 'R'>: 3}",8,5,5,2.6,18,16853,3,12287,762,187,5,19
4976442863,30,Skarner,"{<Key.Q: 'Q'>: 5, <Key.W: 'W'>: 5, <Key.E: 'E'>: 1, <Key.R: 'R'>: 2}",1,7,8,1.2857142857142858,14,11430,1,7112,92,95,4,8
4975564895,30,Fiora,"{<Key.Q: 'Q'>: 5, <Key.W: 'W'>: 3, <Key.E: 'E'>: 5, <Key.R: 'R'>: 3}",3,6,7,1.6666666666666667,17,15221,2,12150,1637,209,8,19
4974552308,30,Fiora,"{<Key.Q: 'Q'>: 5, <Key.W: 'W'>: 3, <Key.E: 'E'>: 5, <Key.R: 'R'>: 2}",8,11,4,1.0909090909090908,16,13978,6,14088,11,182,0,18
4966866567,30,Volibear,"{<Key.E: 'E'>: 3, <Key.Q: 'Q'>: 5, <Key.W: 'W'>: 5, <Key.R: 'R'>: 2}",4,4,6,2.5,16,14611,4,13101,322,169,4,44
4963844338,30,Volibear,"{<Key.E: 'E'>: 3, <Key.Q: 'Q'>: 5, <Key.W: 'W'>: 5, <Key.R: 'R'>: 3}",5,7,3,1.1428571428571428,17,16261,1,11696,251,203,4,27
4956577187,30,Aatrox,"{<Key.Q: 'Q'>: 5, <Key.E: 'E'>: 5, <Key.W: 'W'>: 3, <Key.R: 'R'>: 3}",9,5,5,2.8,17,16055,10,14491,892,190,36,20
4956530732,30,Aatrox,"{<Key.Q: 'Q'>: 5, <Key.E: 'E'>: 5, <Key.W: 'W'>: 3, <Key.R: 'R'>: 2}",3,7,7,1.4285714285714286,16,13432,3,10536,161,173,8,15
4953312477,30,Darius,"{<Key.E: 'E'>: 5, <Key.W: 'W'>: 3, <Key.Q: 'Q'>: 5, <Key.R: 'R'>: 2}",7,8,2,1.125,16,13141,3,12012,354,166,14,25
4952416273,30,Yone,"{<Key.Q: 'Q'>: 5, <Key.W: 'W'>: 3, <Key.E: 'E'>: 5, <Key.R: 'R'>: 3}",1,8,6,0.875,17,15444,3,10842,212,178,13,17
4952319547,30,Aatrox,"{<Key.Q: 'Q'>: 5, <Key.E: 'E'>: 5, <Key.W: 'W'>: 4, <Key.R: 'R'>: 3}",12,8,5,2.125,18,16567,6,15247,938,188,8,12
4951760882,30,Aatrox,"{<Key.Q: 'Q'>: 5, <Key.E: 'E'>: 5, <Key.W: 'W'>: 3, <Key.R: 'R'>: 2}",9,8,4,1.625,16,13377,3,12526,206,173,2,18
